source,point,arm,job,tile,lane,count
sweep,baseline_seed0,baseline,dronet_a,dronet_full,dsp,1
sweep,baseline_seed0,baseline,dronet_a,dronet_full,hta,2
sweep,baseline_seed0,baseline,mlp_control,mlp_control_full,cpu,5
sweep,baseline_seed0,baseline,mlp_control,mlp_control_full,dsp,1
sweep,baseline_seed0,baseline,yolov8n_c,yolov8n_backbone,hta,1
sweep,baseline_seed0,baseline,dronet_b,dronet_full,dsp,2
sweep,baseline_seed0,baseline,dronet_b,dronet_full,hta,1
sweep,baseline_seed0,baseline,yolov8n_a,yolov8n_backbone,dsp,1
sweep,baseline_seed0,baseline,yolov8n_b,yolov8n_backbone,hta,1
sweep,baseline_seed0,baseline,yolov8n_a,yolov8n_head,dsp,1
sweep,baseline_seed0,baseline,yolov8n_c,yolov8n_head,cpu,1
sweep,baseline_seed0,baseline,yolov8n_d,yolov8n_backbone,hta,1
sweep,baseline_seed0,baseline,yolov8n_b,yolov8n_head,dsp,1
sweep,baseline_seed0,baseline,yolov8n_d,yolov8n_head,dsp,1
sweep,baseline_seed1,baseline,mlp_control,mlp_control_full,cpu,9
sweep,baseline_seed1,baseline,mlp_control,mlp_control_full,dsp,1
sweep,baseline_seed1,baseline,yolov8n_c,yolov8n_backbone,dsp,1
sweep,baseline_seed1,baseline,yolov8n_a,yolov8n_backbone,hta,1
sweep,baseline_seed1,baseline,dronet,dronet_full,cpu,2
sweep,baseline_seed1,baseline,dronet,dronet_full,dsp,2
sweep,baseline_seed1,baseline,dronet,dronet_full,hta,1
sweep,baseline_seed1,baseline,yolov8n_d,yolov8n_backbone,hta,1
sweep,baseline_seed1,baseline,yolov8n_a,yolov8n_head,dsp,1
sweep,baseline_seed1,baseline,yolov8n_b,yolov8n_backbone,hta,1
sweep,baseline_seed1,baseline,yolov8n_c,yolov8n_head,dsp,1
sweep,baseline_seed1,baseline,yolov8n_d,yolov8n_head,cpu,1
sweep,baseline_seed1,baseline,yolov8n_e,yolov8n_backbone,hta,1
sweep,baseline_seed1,baseline,yolov8n_b,yolov8n_head,dsp,1
sweep,baseline_seed1,baseline,yolov8n_e,yolov8n_head,dsp,1
sweep,baseline_seed2,baseline,dronet,dronet_full,dsp,1
sweep,baseline_seed2,baseline,dronet,dronet_full,cpu,1
sweep,baseline_seed2,baseline,dronet,dronet_full,hta,1
sweep,baseline_seed2,baseline,mlp_control,mlp_control_full,cpu,10
sweep,baseline_seed2,baseline,mlp_control,mlp_control_full,dsp,5
sweep,baseline_seed2,baseline,yolov8n_d,yolov8n_backbone,dsp,1
sweep,baseline_seed2,baseline,yolov8n_a,yolov8n_backbone,hta,1
sweep,baseline_seed2,baseline,yolov8n_c,yolov8n_backbone,hta,1
sweep,baseline_seed2,baseline,yolov8n_a,yolov8n_head,dsp,1
sweep,baseline_seed2,baseline,yolov8n_c,yolov8n_head,cpu,1
sweep,baseline_seed2,baseline,yolov8n_d,yolov8n_head,dsp,1
sweep,baseline_seed2,baseline,yolov8n_b,yolov8n_backbone,hta,1
sweep,baseline_seed2,baseline,yolov8n_b,yolov8n_head,dsp,1
sweep,baseline_seed3,baseline,dronet_a,dronet_full,dsp,2
sweep,baseline_seed3,baseline,dronet_a,dronet_full,hta,1
sweep,baseline_seed3,baseline,mlp_control,mlp_control_full,cpu,6
sweep,baseline_seed3,baseline,yolov8n_b,yolov8n_backbone,dsp,1
sweep,baseline_seed3,baseline,dronet_b,dronet_full,hta,2
sweep,baseline_seed3,baseline,dronet_b,dronet_full,dsp,1
sweep,baseline_seed3,baseline,yolov8n_a,yolov8n_backbone,hta,1
sweep,baseline_seed3,baseline,yolov8n_b,yolov8n_head,dsp,1
sweep,baseline_seed3,baseline,yolov8n_a,yolov8n_head,dsp,1
sweep,baseline_seed6,baseline,dronet,dronet_full,hta,7
sweep,baseline_seed6,baseline,dronet,dronet_full,dsp,3
sweep,baseline_seed6,baseline,mlp_control,mlp_control_full,cpu,10
sweep,baseline_seed6,baseline,yolov8n_d,yolov8n_backbone,dsp,1
sweep,baseline_seed6,baseline,yolov8n_b,yolov8n_backbone,hta,1
sweep,baseline_seed6,baseline,yolov8n_d,yolov8n_head,dsp,1
sweep,baseline_seed6,baseline,yolov8n_a,yolov8n_backbone,dsp,1
sweep,baseline_seed6,baseline,yolov8n_a,yolov8n_head,dsp,1
sweep,baseline_seed6,baseline,yolov8n_e,yolov8n_backbone,hta,1
sweep,baseline_seed6,baseline,yolov8n_b,yolov8n_head,cpu,1
sweep,baseline_seed6,baseline,yolov8n_c,yolov8n_backbone,hta,1
sweep,baseline_seed6,baseline,yolov8n_e,yolov8n_head,dsp,1
sweep,baseline_seed6,baseline,yolov8n_c,yolov8n_head,dsp,1
sweep,fused_seed0,fused,fused_split,fused_vision_conv,dsp,2
sweep,fused_seed0,fused,fused_split,fused_vision_conv,hta,1
sweep,fused_seed0,fused,yolov8n_b,yolov8n_backbone,hta,1
sweep,fused_seed0,fused,fused_split,fused_depth_conv,cpu,2
sweep,fused_seed0,fused,fused_split,fused_depth_conv,dsp,1
sweep,fused_seed0,fused,mlp_control,mlp_control_full,cpu,4
sweep,fused_seed0,fused,mlp_control,mlp_control_full,dsp,2
sweep,fused_seed0,fused,fused_split,fused_tail,cpu,2
sweep,fused_seed0,fused,fused_split,fused_tail,dsp,1
sweep,fused_seed0,fused,yolov8n_a,yolov8n_backbone,dsp,1
sweep,fused_seed0,fused,yolov8n_a,yolov8n_head,dsp,1
sweep,fused_seed0,fused,yolov8n_c,yolov8n_backbone,hta,1
sweep,fused_seed0,fused,yolov8n_b,yolov8n_head,cpu,1
sweep,fused_seed0,fused,yolov8n_d,yolov8n_backbone,hta,1
sweep,fused_seed0,fused,yolov8n_c,yolov8n_head,dsp,1
sweep,fused_seed0,fused,yolov8n_d,yolov8n_head,dsp,1
sweep,fused_seed1,fused,fused_split,fused_vision_conv,dsp,3
sweep,fused_seed1,fused,fused_split,fused_vision_conv,hta,2
sweep,fused_seed1,fused,fused_split,fused_depth_conv,cpu,4
sweep,fused_seed1,fused,fused_split,fused_depth_conv,dsp,1
sweep,fused_seed1,fused,yolov8n_e,yolov8n_backbone,hta,1
sweep,fused_seed1,fused,mlp_control,mlp_control_full,cpu,10
sweep,fused_seed1,fused,yolov8n_c,yolov8n_backbone,dsp,1
sweep,fused_seed1,fused,fused_split,fused_tail,cpu,5
sweep,fused_seed1,fused,yolov8n_d,yolov8n_backbone,hta,1
sweep,fused_seed1,fused,yolov8n_e,yolov8n_head,dsp,1
sweep,fused_seed1,fused,yolov8n_b,yolov8n_backbone,hta,1
sweep,fused_seed1,fused,yolov8n_d,yolov8n_head,dsp,1
sweep,fused_seed1,fused,yolov8n_b,yolov8n_head,cpu,1
sweep,fused_seed1,fused,yolov8n_c,yolov8n_head,dsp,1
sweep,fused_seed1,fused,yolov8n_a,yolov8n_backbone,hta,1
sweep,fused_seed1,fused,yolov8n_a,yolov8n_head,dsp,1
sweep,fused_seed2,fused,fused_split,fused_vision_conv,dsp,1
sweep,fused_seed2,fused,fused_split,fused_vision_conv,hta,2
sweep,fused_seed2,fused,fused_split,fused_depth_conv,cpu,2
sweep,fused_seed2,fused,fused_split,fused_depth_conv,hta,1
sweep,fused_seed2,fused,yolov8n_d,yolov8n_backbone,hta,1
sweep,fused_seed2,fused,mlp_control,mlp_control_full,cpu,12
sweep,fused_seed2,fused,mlp_control,mlp_control_full,dsp,3
sweep,fused_seed2,fused,fused_split,fused_tail,cpu,2
sweep,fused_seed2,fused,fused_split,fused_tail,dsp,1
sweep,fused_seed2,fused,yolov8n_b,yolov8n_backbone,dsp,1
sweep,fused_seed2,fused,yolov8n_a,yolov8n_backbone,hta,1
sweep,fused_seed2,fused,yolov8n_d,yolov8n_head,dsp,1
sweep,fused_seed2,fused,yolov8n_b,yolov8n_head,cpu,1
sweep,fused_seed2,fused,yolov8n_a,yolov8n_head,dsp,1
sweep,fused_seed2,fused,yolov8n_c,yolov8n_backbone,hta,1
sweep,fused_seed2,fused,yolov8n_c,yolov8n_head,dsp,1
sweep,fused_seed3,fused,fused_split,fused_depth_conv,cpu,2
sweep,fused_seed3,fused,fused_split,fused_depth_conv,hta,1
sweep,fused_seed3,fused,yolov8n_a,yolov8n_backbone,dsp,1
sweep,fused_seed3,fused,fused_split,fused_vision_conv,hta,3
sweep,fused_seed3,fused,mlp_control,mlp_control_full,cpu,6
sweep,fused_seed3,fused,yolov8n_b,yolov8n_backbone,hta,1
sweep,fused_seed3,fused,fused_split,fused_tail,cpu,3
sweep,fused_seed3,fused,yolov8n_a,yolov8n_head,dsp,1
sweep,fused_seed3,fused,yolov8n_b,yolov8n_head,dsp,1
sweep,fused_seed6,fused,fused_split,fused_vision_conv,hta,4
sweep,fused_seed6,fused,fused_split,fused_vision_conv,dsp,1
sweep,fused_seed6,fused,fused_split,fused_depth_conv,cpu,5
sweep,fused_seed6,fused,yolov8n_a,yolov8n_backbone,dsp,1
sweep,fused_seed6,fused,mlp_control,mlp_control_full,cpu,9
sweep,fused_seed6,fused,mlp_control,mlp_control_full,dsp,1
sweep,fused_seed6,fused,yolov8n_b,yolov8n_backbone,hta,1
sweep,fused_seed6,fused,fused_split,fused_tail,cpu,5
sweep,fused_seed6,fused,yolov8n_a,yolov8n_head,dsp,1
sweep,fused_seed6,fused,yolov8n_e,yolov8n_backbone,hta,1
sweep,fused_seed6,fused,yolov8n_b,yolov8n_head,dsp,1
sweep,fused_seed6,fused,yolov8n_d,yolov8n_backbone,hta,1
sweep,fused_seed6,fused,yolov8n_e,yolov8n_head,cpu,1
sweep,fused_seed6,fused,yolov8n_d,yolov8n_head,dsp,1
sweep,fused_seed6,fused,yolov8n_c,yolov8n_backbone,hta,1
sweep,fused_seed6,fused,yolov8n_c,yolov8n_head,dsp,1
sweep,fused_vint_seed0,fused_vint,fused_split,fused_vision_conv,hta,5
sweep,fused_vint_seed0,fused_vint,fused_split,fused_vision_conv,dsp,1
sweep,fused_vint_seed0,fused_vint,fused_split,fused_depth_conv,cpu,3
sweep,fused_vint_seed0,fused_vint,fused_split,fused_depth_conv,dsp,2
sweep,fused_vint_seed0,fused_vint,fused_split,fused_depth_conv,hta,1
sweep,fused_vint_seed0,fused_vint,vint,vint_encoders,dsp,1
sweep,fused_vint_seed0,fused_vint,mlp_control,mlp_control_full,cpu,7
sweep,fused_vint_seed0,fused_vint,mlp_control,mlp_control_full,dsp,5
sweep,fused_vint_seed0,fused_vint,yolov8n_b,yolov8n_backbone,hta,1
sweep,fused_vint_seed0,fused_vint,fused_split,fused_tail,cpu,4
sweep,fused_vint_seed0,fused_vint,fused_split,fused_tail,dsp,2
sweep,fused_vint_seed0,fused_vint,yolov8n_b,yolov8n_head,dsp,1
sweep,fused_vint_seed0,fused_vint,yolov8n_c,yolov8n_backbone,hta,1
sweep,fused_vint_seed0,fused_vint,yolov8n_a,yolov8n_backbone,hta,1
sweep,fused_vint_seed0,fused_vint,yolov8n_c,yolov8n_head,dsp,1
sweep,fused_vint_seed0,fused_vint,vint,vint_decoder,cpu,1
sweep,fused_vint_seed0,fused_vint,yolov8n_d,yolov8n_backbone,hta,1
sweep,fused_vint_seed0,fused_vint,yolov8n_d,yolov8n_head,dsp,1
sweep,fused_vint_seed0,fused_vint,yolov8n_a,yolov8n_head,dsp,1
sweep,fused_vint_seed1,fused_vint,fused_split,fused_depth_conv,hta,3
sweep,fused_vint_seed1,fused_vint,fused_split,fused_depth_conv,cpu,3
sweep,fused_vint_seed1,fused_vint,fused_split,fused_depth_conv,dsp,3
sweep,fused_vint_seed1,fused_vint,mlp_control,mlp_control_full,cpu,13
sweep,fused_vint_seed1,fused_vint,mlp_control,mlp_control_full,dsp,5
sweep,fused_vint_seed1,fused_vint,fused_split,fused_vision_conv,dsp,5
sweep,fused_vint_seed1,fused_vint,fused_split,fused_vision_conv,hta,4
sweep,fused_vint_seed1,fused_vint,vint,vint_encoders,dsp,1
sweep,fused_vint_seed1,fused_vint,yolov8n_a,yolov8n_backbone,hta,1
sweep,fused_vint_seed1,fused_vint,fused_split,fused_tail,cpu,8
sweep,fused_vint_seed1,fused_vint,fused_split,fused_tail,dsp,1
sweep,fused_vint_seed1,fused_vint,yolov8n_a,yolov8n_head,dsp,1
sweep,fused_vint_seed1,fused_vint,yolov8n_b,yolov8n_backbone,hta,1
sweep,fused_vint_seed1,fused_vint,yolov8n_c,yolov8n_backbone,hta,1
sweep,fused_vint_seed1,fused_vint,yolov8n_b,yolov8n_head,dsp,1
sweep,fused_vint_seed1,fused_vint,yolov8n_d,yolov8n_backbone,hta,1
sweep,fused_vint_seed1,fused_vint,yolov8n_c,yolov8n_head,dsp,1
sweep,fused_vint_seed1,fused_vint,vint,vint_decoder,cpu,1
sweep,fused_vint_seed1,fused_vint,yolov8n_e,yolov8n_backbone,hta,1
sweep,fused_vint_seed1,fused_vint,yolov8n_d,yolov8n_head,dsp,1
sweep,fused_vint_seed1,fused_vint,yolov8n_e,yolov8n_head,dsp,1
addendum,baseline_seed4,baseline,dronet_a,dronet_full,dsp,3
addendum,baseline_seed4,baseline,mlp_control,mlp_control_full,cpu,6
addendum,baseline_seed4,baseline,dronet_b,dronet_full,dsp,3
addendum,baseline_seed5,baseline,dronet,dronet_full,dsp,2
addendum,baseline_seed5,baseline,dronet,dronet_full,hta,1
addendum,baseline_seed5,baseline,mlp_control,mlp_control_full,cpu,9
addendum,baseline_seed7,baseline,dronet,dronet_full,dsp,3
addendum,baseline_seed7,baseline,mlp_control,mlp_control_full,cpu,3
addendum,fused_seed4,fused,fused_split,fused_depth_conv,hta,2
addendum,fused_seed4,fused,fused_split,fused_depth_conv,dsp,1
addendum,fused_seed4,fused,mlp_control,mlp_control_full,dsp,3
addendum,fused_seed4,fused,mlp_control,mlp_control_full,cpu,3
addendum,fused_seed4,fused,fused_split,fused_vision_conv,dsp,1
addendum,fused_seed4,fused,fused_split,fused_vision_conv,hta,2
addendum,fused_seed4,fused,fused_split,fused_tail,dsp,1
addendum,fused_seed4,fused,fused_split,fused_tail,cpu,2
addendum,fused_seed5,fused,fused_split,fused_vision_conv,hta,3
addendum,fused_seed5,fused,mlp_control,mlp_control_full,cpu,9
addendum,fused_seed5,fused,fused_split,fused_depth_conv,hta,3
addendum,fused_seed5,fused,fused_split,fused_tail,dsp,3
addendum,fused_seed7,fused,fused_split,fused_vision_conv,dsp,2
addendum,fused_seed7,fused,fused_split,fused_vision_conv,hta,1
addendum,fused_seed7,fused,fused_split,fused_depth_conv,dsp,1
addendum,fused_seed7,fused,fused_split,fused_depth_conv,hta,1
addendum,fused_seed7,fused,fused_split,fused_depth_conv,cpu,1
addendum,fused_seed7,fused,mlp_control,mlp_control_full,cpu,2
addendum,fused_seed7,fused,mlp_control,mlp_control_full,dsp,1
addendum,fused_seed7,fused,fused_split,fused_tail,cpu,3
validation,baseline_seed0,validation,dronet_a,dronet_full,dsp,3
validation,baseline_seed0,validation,mlp_control,mlp_control_full,cpu,5
validation,baseline_seed0,validation,mlp_control,mlp_control_full,dsp,1
validation,baseline_seed0,validation,yolov8n_b,yolov8n_backbone,dsp,1
validation,baseline_seed0,validation,dronet_b,dronet_full,hta,2
validation,baseline_seed0,validation,dronet_b,dronet_full,dsp,1
validation,baseline_seed0,validation,yolov8n_a,yolov8n_backbone,hta,1
validation,baseline_seed0,validation,yolov8n_b,yolov8n_head,dsp,1
validation,baseline_seed0,validation,yolov8n_d,yolov8n_backbone,hta,1
validation,baseline_seed0,validation,yolov8n_a,yolov8n_head,cpu,1
validation,baseline_seed0,validation,yolov8n_d,yolov8n_head,dsp,1
validation,baseline_seed0,validation,yolov8n_c,yolov8n_backbone,hta,1
validation,baseline_seed0,validation,yolov8n_c,yolov8n_head,dsp,1
validation,fused_seed0,validation,fused_split,fused_vision_conv,hta,1
validation,fused_seed0,validation,fused_split,fused_vision_conv,dsp,2
validation,fused_seed0,validation,fused_split,fused_depth_conv,cpu,2
validation,fused_seed0,validation,fused_split,fused_depth_conv,hta,1
validation,fused_seed0,validation,yolov8n_d,yolov8n_backbone,dsp,1
validation,fused_seed0,validation,mlp_control,mlp_control_full,cpu,4
validation,fused_seed0,validation,mlp_control,mlp_control_full,dsp,2
validation,fused_seed0,validation,fused_split,fused_tail,cpu,2
validation,fused_seed0,validation,fused_split,fused_tail,dsp,1
validation,fused_seed0,validation,yolov8n_c,yolov8n_backbone,hta,1
validation,fused_seed0,validation,yolov8n_d,yolov8n_head,dsp,1
validation,fused_seed0,validation,yolov8n_a,yolov8n_backbone,hta,1
validation,fused_seed0,validation,yolov8n_c,yolov8n_head,cpu,1
validation,fused_seed0,validation,yolov8n_a,yolov8n_head,dsp,1
validation,fused_seed0,validation,yolov8n_b,yolov8n_backbone,hta,1
validation,fused_seed0,validation,yolov8n_b,yolov8n_head,dsp,1
validation,baseline_seed3,validation,dronet_a,dronet_full,dsp,2
validation,baseline_seed3,validation,dronet_a,dronet_full,hta,1
validation,baseline_seed3,validation,yolov8n_b,yolov8n_backbone,dsp,1
validation,baseline_seed3,validation,mlp_control,mlp_control_full,cpu,6
validation,baseline_seed3,validation,dronet_b,dronet_full,hta,2
validation,baseline_seed3,validation,dronet_b,dronet_full,dsp,1
validation,baseline_seed3,validation,yolov8n_a,yolov8n_backbone,hta,1
validation,baseline_seed3,validation,yolov8n_b,yolov8n_head,dsp,1
validation,baseline_seed3,validation,yolov8n_a,yolov8n_head,dsp,1
