point,rep,entry,network,tile,lane,exec_ms,hin_ms,hout_ms,hin_bytes,hout_bytes,hin_hits,hin_tensors,hout_tensors,n_ir_ops
baseline_seed0,rep1,0,dronet_a,dronet_full,dsp,1.814,0.00099,0.001927,0,2,0,1,2,24
baseline_seed0,rep1,1,mlp_control,mlp_control_full,cpu,0.07400000000000001,0.000729,0.001145,0,16,0,1,1,7
baseline_seed0,rep1,2,yolov8n_c,yolov8n_backbone,hta,13.463,0.001094,0.086362,0,716800,0,1,3,103
baseline_seed0,rep1,3,dronet_b,dronet_full,dsp,0.9339999999999993,0.000834,0.002605,0,2,0,1,2,24
baseline_seed0,rep1,4,yolov8n_a,yolov8n_backbone,dsp,13.574,0.001718,0.150223,0,716800,0,1,3,103
baseline_seed0,rep1,5,mlp_control,mlp_control_full,cpu,0.10899999999999999,0.001094,0.000625,0,16,0,1,1,7
baseline_seed0,rep1,6,dronet_a,dronet_full,hta,1.5749999999999993,0.001042,0.001146,0,2,0,1,2,24
baseline_seed0,rep1,7,mlp_control,mlp_control_full,cpu,0.09199999999999875,0.000885,0.000885,0,16,0,1,1,7
baseline_seed0,rep1,8,yolov8n_b,yolov8n_backbone,hta,13.081,0.000573,0.366024,0,716800,0,1,3,103
baseline_seed0,rep1,9,dronet_b,dronet_full,dsp,1.2029999999999994,0.00099,0.001719,0,2,0,1,2,24
baseline_seed0,rep1,10,yolov8n_a,yolov8n_head,dsp,25.911,0.071934,0.173662,716800,705600,3,3,1,146
baseline_seed0,rep1,11,mlp_control,mlp_control_full,cpu,0.13299999999999912,0.002083,0.274766,0,16,0,1,1,7
baseline_seed0,rep1,12,mlp_control,mlp_control_full,cpu,0.0799999999999983,0.001146,0.000937,0,16,0,1,1,7
baseline_seed0,rep1,13,yolov8n_c,yolov8n_head,cpu,54.418000000000006,0.002604,0.108812,0,705600,0,3,1,146
baseline_seed0,rep1,14,dronet_a,dronet_full,hta,14.210999999999999,0.001041,0.00349,0,2,0,1,2,24
baseline_seed0,rep1,15,dronet_b,dronet_full,hta,1.6950000000000003,0.001615,0.001562,0,2,0,1,2,24
baseline_seed0,rep1,16,mlp_control,mlp_control_full,dsp,3.1529999999999987,0.001615,0.003698,0,4,0,1,1,7
baseline_seed0,rep1,17,yolov8n_d,yolov8n_backbone,hta,13.668999999999997,0.001667,0.352636,0,716800,0,1,3,103
baseline_seed0,rep1,18,yolov8n_b,yolov8n_head,dsp,18.773999999999994,0.004063,0.083758,0,705600,0,3,1,146
baseline_seed0,rep1,19,yolov8n_d,yolov8n_head,dsp,17.736000000000004,0.002292,0.387118,0,705600,0,3,1,146
baseline_seed0,rep2,0,dronet_a,dronet_full,dsp,3.0140000000000002,0.001094,0.00698,0,2,0,1,2,24
baseline_seed0,rep2,1,mlp_control,mlp_control_full,cpu,0.08900000000000001,0.000834,0.00151,0,16,0,1,1,7
baseline_seed0,rep2,2,yolov8n_c,yolov8n_backbone,hta,11.931,0.00099,0.092611,0,716800,0,1,3,103
baseline_seed0,rep2,3,dronet_b,dronet_full,dsp,0.8559999999999999,0.001302,0.002604,0,2,0,1,2,24
baseline_seed0,rep2,4,yolov8n_a,yolov8n_backbone,dsp,12.927000000000001,0.000833,0.163033,0,716800,0,1,3,103
baseline_seed0,rep2,5,mlp_control,mlp_control_full,cpu,0.1120000000000001,0.00099,0.000677,0,16,0,1,1,7
baseline_seed0,rep2,6,dronet_a,dronet_full,hta,1.032,0.000625,0.001511,0,2,0,1,2,24
baseline_seed0,rep2,7,mlp_control,mlp_control_full,cpu,0.09800000000000075,0.000625,0.000885,0,16,0,1,1,7
baseline_seed0,rep2,8,yolov8n_b,yolov8n_backbone,hta,12.886,0.000573,0.081516,0,716800,0,1,3,103
baseline_seed0,rep2,9,dronet_b,dronet_full,dsp,1.0569999999999986,0.001718,0.001459,0,2,0,1,2,24
baseline_seed0,rep2,10,yolov8n_a,yolov8n_head,dsp,20.538999999999998,0.074537,0.09907,716800,705600,3,3,1,146
baseline_seed0,rep2,11,mlp_control,mlp_control_full,cpu,0.09600000000000009,0.001041,0.000833,0,16,0,1,1,7
baseline_seed0,rep2,12,mlp_control,mlp_control_full,cpu,0.0730000000000004,0.000833,0.000782,0,16,0,1,1,7
baseline_seed0,rep2,13,yolov8n_c,yolov8n_head,cpu,54.43700000000001,0.002812,0.113029,0,705600,0,3,1,146
baseline_seed0,rep2,14,dronet_a,dronet_full,hta,5.837000000000003,0.002032,0.002604,0,2,0,1,2,24
baseline_seed0,rep2,15,dronet_b,dronet_full,hta,1.4499999999999957,0.000781,0.00349,0,2,0,1,2,24
baseline_seed0,rep2,16,mlp_control,mlp_control_full,dsp,0.7070000000000007,0.001771,0.002187,0,4,0,1,1,7
baseline_seed0,rep2,17,yolov8n_d,yolov8n_backbone,hta,15.37100000000001,0.002032,0.35789,0,716800,0,1,3,103
baseline_seed0,rep2,18,yolov8n_b,yolov8n_head,dsp,18.549999999999997,0.002188,0.110893,0,705600,0,3,1,146
baseline_seed0,rep2,19,yolov8n_d,yolov8n_head,dsp,17.715999999999994,0.002344,0.391487,0,705600,0,3,1,146
baseline_seed0,rep3,0,dronet_a,dronet_full,dsp,1.8170000000000002,0.000573,0.00198,0,2,0,1,2,24
baseline_seed0,rep3,1,mlp_control,mlp_control_full,cpu,0.08099999999999999,0.000834,0.001563,0,16,0,1,1,7
baseline_seed0,rep3,2,yolov8n_c,yolov8n_backbone,hta,13.497,0.000886,0.092922,0,716800,0,1,3,103
baseline_seed0,rep3,3,dronet_b,dronet_full,dsp,0.9509999999999996,0.000521,0.002135,0,2,0,1,2,24
baseline_seed0,rep3,4,yolov8n_a,yolov8n_backbone,dsp,13.309999999999999,0.001146,0.1498,0,716800,0,1,3,103
baseline_seed0,rep3,5,mlp_control,mlp_control_full,cpu,0.08900000000000041,0.000937,0.000938,0,16,0,1,1,7
baseline_seed0,rep3,6,dronet_a,dronet_full,hta,1.815999999999999,0.000729,0.001406,0,2,0,1,2,24
baseline_seed0,rep3,7,mlp_control,mlp_control_full,cpu,0.0810000000000013,0.00073,0.001042,0,16,0,1,1,7
baseline_seed0,rep3,8,yolov8n_b,yolov8n_backbone,hta,13.263000000000002,0.000573,16.323759,0,716800,0,1,3,103
baseline_seed0,rep3,9,dronet_b,dronet_full,dsp,1.2280000000000015,0.000937,0.001719,0,2,0,1,2,24
baseline_seed0,rep3,10,yolov8n_a,yolov8n_head,dsp,22.923,0.08438,0.10037,716800,705600,3,3,1,146
baseline_seed0,rep3,11,mlp_control,mlp_control_full,cpu,0.1390000000000029,0.002084,0.038596,0,16,0,1,1,7
baseline_seed0,rep3,12,mlp_control,mlp_control_full,cpu,0.09099999999999753,0.001042,0.00125,0,16,0,1,1,7
baseline_seed0,rep3,13,yolov8n_c,yolov8n_head,cpu,52.21300000000001,0.002292,0.087818,0,705600,0,3,1,146
baseline_seed0,rep3,14,dronet_a,dronet_full,hta,1.5900000000000034,0.00125,0.001928,0,2,0,1,2,24
baseline_seed0,rep3,15,dronet_b,dronet_full,hta,1.4600000000000009,0.001146,0.002709,0,2,0,1,2,24
baseline_seed0,rep3,16,mlp_control,mlp_control_full,dsp,0.7029999999999959,0.002292,0.002188,0,4,0,1,1,7
baseline_seed0,rep3,17,yolov8n_d,yolov8n_backbone,hta,13.647000000000006,0.00099,0.379241,0,716800,0,1,3,103
baseline_seed0,rep3,18,yolov8n_b,yolov8n_head,dsp,18.595999999999997,0.0025,0.337155,0,705600,0,3,1,146
baseline_seed0,rep3,19,yolov8n_d,yolov8n_head,dsp,16.736000000000004,0.002084,0.389032,0,705600,0,3,1,146
baseline_seed3,rep1,0,dronet_a,dronet_full,dsp,1.0210000000000001,0.000677,0.001459,0,2,0,1,2,24
baseline_seed3,rep1,1,mlp_control,mlp_control_full,cpu,0.06000000000000005,0.000469,0.000729,0,16,0,1,1,7
baseline_seed3,rep1,2,yolov8n_b,yolov8n_backbone,dsp,14.282,0.00073,0.439031,0,716800,0,1,3,103
baseline_seed3,rep1,3,dronet_b,dronet_full,hta,1.452,0.001042,0.000833,0,2,0,1,2,24
baseline_seed3,rep1,4,yolov8n_a,yolov8n_backbone,hta,15.498,0.000625,0.095942,0,716800,0,1,3,103
baseline_seed3,rep1,5,mlp_control,mlp_control_full,cpu,0.06299999999999883,0.000833,0.001146,0,16,0,1,1,7
baseline_seed3,rep1,6,mlp_control,mlp_control_full,cpu,0.1120000000000001,0.000937,0.001042,0,16,0,1,1,7
baseline_seed3,rep1,7,dronet_a,dronet_full,dsp,2.2779999999999987,0.000781,0.001563,0,2,0,1,2,24
baseline_seed3,rep1,8,dronet_b,dronet_full,dsp,2.235999999999997,0.000886,0.001614,0,2,0,1,2,24
baseline_seed3,rep1,9,yolov8n_b,yolov8n_head,dsp,17.425,0.0799,0.384185,716800,705600,3,3,1,146
baseline_seed3,rep1,10,mlp_control,mlp_control_full,cpu,0.08500000000000085,0.001407,0.000677,0,16,0,1,1,7
baseline_seed3,rep1,11,mlp_control,mlp_control_full,cpu,0.06400000000000006,0.00125,0.000625,0,16,0,1,1,7
baseline_seed3,rep1,12,dronet_a,dronet_full,hta,1.6600000000000001,0.00099,0.001614,0,2,0,1,2,24
baseline_seed3,rep1,13,mlp_control,mlp_control_full,cpu,0.0470000000000006,0.000521,0.000625,0,16,0,1,1,7
baseline_seed3,rep1,14,dronet_b,dronet_full,hta,3.913999999999998,0.000261,0.001979,0,2,0,1,2,24
baseline_seed3,rep1,15,yolov8n_a,yolov8n_head,dsp,16.599000000000004,0.002084,0.382727,0,705600,0,3,1,146
baseline_seed3,rep2,0,dronet_a,dronet_full,dsp,0.9919999999999999,0.000677,0.001146,0,2,0,1,2,24
baseline_seed3,rep2,1,mlp_control,mlp_control_full,cpu,0.06199999999999983,0.000573,0.001042,0,16,0,1,1,7
baseline_seed3,rep2,2,yolov8n_b,yolov8n_backbone,dsp,14.184999999999999,0.000729,0.429757,0,716800,0,1,3,103
baseline_seed3,rep2,3,dronet_b,dronet_full,hta,1.5580000000000007,0.000938,0.001146,0,2,0,1,2,24
baseline_seed3,rep2,4,yolov8n_a,yolov8n_backbone,hta,14.530000000000001,0.000573,0.075733,0,716800,0,1,3,103
baseline_seed3,rep2,5,mlp_control,mlp_control_full,cpu,0.125,0.00099,0.00125,0,16,0,1,1,7
baseline_seed3,rep2,6,mlp_control,mlp_control_full,cpu,0.08800000000000097,0.000365,0.000677,0,16,0,1,1,7
baseline_seed3,rep2,7,dronet_a,dronet_full,dsp,2.246000000000002,0.000729,0.001563,0,2,0,1,2,24
baseline_seed3,rep2,8,dronet_b,dronet_full,dsp,0.8089999999999975,0.000417,0.001511,0,2,0,1,2,24
baseline_seed3,rep2,9,yolov8n_b,yolov8n_head,dsp,16.810000000000002,0.065784,0.356941,716800,705600,3,3,1,146
baseline_seed3,rep2,10,mlp_control,mlp_control_full,cpu,0.06700000000000017,0.000573,0.000782,0,16,0,1,1,7
baseline_seed3,rep2,11,mlp_control,mlp_control_full,cpu,0.06099999999999994,0.000625,0.000678,0,16,0,1,1,7
baseline_seed3,rep2,12,dronet_a,dronet_full,hta,1.4590000000000032,0.001146,0.001511,0,2,0,1,2,24
baseline_seed3,rep2,13,mlp_control,mlp_control_full,cpu,0.0470000000000006,0.000417,0.000677,0,16,0,1,1,7
baseline_seed3,rep2,14,dronet_b,dronet_full,hta,3.4080000000000013,0.00026,0.002344,0,2,0,1,2,24
baseline_seed3,rep2,15,yolov8n_a,yolov8n_head,dsp,17.021,0.001198,0.382881,0,705600,0,3,1,146
baseline_seed3,rep3,0,dronet_a,dronet_full,dsp,0.9369999999999999,0.000417,0.001458,0,2,0,1,2,24
baseline_seed3,rep3,1,mlp_control,mlp_control_full,cpu,0.06400000000000006,0.000625,0.000833,0,16,0,1,1,7
baseline_seed3,rep3,2,yolov8n_b,yolov8n_backbone,dsp,12.035,0.000677,0.12813,0,716800,0,1,3,103
baseline_seed3,rep3,3,dronet_b,dronet_full,hta,2.0540000000000003,0.000573,0.001354,0,2,0,1,2,24
baseline_seed3,rep3,4,yolov8n_a,yolov8n_backbone,hta,14.325000000000003,0.000938,0.066201,0,716800,0,1,3,103
baseline_seed3,rep3,5,mlp_control,mlp_control_full,cpu,0.08099999999999952,0.000729,0.000833,0,16,0,1,1,7
baseline_seed3,rep3,6,mlp_control,mlp_control_full,cpu,0.09299999999999997,0.000521,0.000885,0,16,0,1,1,7
baseline_seed3,rep3,7,dronet_a,dronet_full,dsp,2.1389999999999993,0.00099,0.001458,0,2,0,1,2,24
baseline_seed3,rep3,8,dronet_b,dronet_full,dsp,1.0929999999999964,0.000782,0.001823,0,2,0,1,2,24
baseline_seed3,rep3,9,yolov8n_b,yolov8n_head,dsp,17.842,0.077555,0.080941,716800,705600,3,3,1,146
baseline_seed3,rep3,10,mlp_control,mlp_control_full,cpu,0.09100000000000108,0.000678,0.00099,0,16,0,1,1,7
baseline_seed3,rep3,11,mlp_control,mlp_control_full,cpu,0.05000000000000071,0.000468,0.000625,0,16,0,1,1,7
baseline_seed3,rep3,12,dronet_a,dronet_full,hta,1.7759999999999998,0.000833,0.003542,0,2,0,1,2,24
baseline_seed3,rep3,13,mlp_control,mlp_control_full,cpu,0.04899999999999949,0.000677,0.000834,0,16,0,1,1,7
baseline_seed3,rep3,14,dronet_b,dronet_full,hta,1.690999999999999,0.000469,0.002188,0,2,0,1,2,24
baseline_seed3,rep3,15,yolov8n_a,yolov8n_head,dsp,15.936,0.001459,0.327044,0,705600,0,3,1,146
fused_seed0,rep1,0,fused_split,fused_vision_conv,dsp,1.689,0.000937,0.002552,0,1536,0,1,1,4
fused_seed0,rep1,1,yolov8n_b,yolov8n_backbone,hta,13.543000000000001,0.000677,0.084534,0,716800,0,1,3,103
fused_seed0,rep1,2,fused_split,fused_depth_conv,cpu,0.073,0.000989,0.001407,0,1024,0,1,1,2
fused_seed0,rep1,3,mlp_control,mlp_control_full,cpu,0.08,0.000677,0.000937,0,16,0,1,1,7
fused_seed0,rep1,4,fused_split,fused_tail,cpu,4.577,0.003125,0.003021,0,8,0,3,1,10
fused_seed0,rep1,5,yolov8n_a,yolov8n_backbone,dsp,14.095000000000002,0.001041,0.390326,0,716800,0,1,3,103
fused_seed0,rep1,6,mlp_control,mlp_control_full,cpu,0.13100000000000023,0.001302,0.000625,0,16,0,1,1,7
fused_seed0,rep1,7,yolov8n_a,yolov8n_head,dsp,18.028999999999996,0.072346,0.430067,716800,705600,3,3,1,146
fused_seed0,rep1,8,fused_split,fused_vision_conv,hta,1.2590000000000003,0.000885,0.002083,0,1536,0,1,1,4
fused_seed0,rep1,9,fused_split,fused_depth_conv,cpu,0.26000000000000156,0.000729,0.001406,0,1024,0,1,1,2
fused_seed0,rep1,10,mlp_control,mlp_control_full,cpu,0.06700000000000017,0.000886,0.000729,0,16,0,1,1,7
fused_seed0,rep1,11,fused_split,fused_tail,cpu,3.561,0.002083,0.002656,0,8,0,3,1,10
fused_seed0,rep1,12,yolov8n_c,yolov8n_backbone,hta,25.546,0.000781,0.118806,0,716800,0,1,3,103
fused_seed0,rep1,13,mlp_control,mlp_control_full,cpu,0.09499999999999886,0.00125,0.000677,0,16,0,1,1,7
fused_seed0,rep1,14,yolov8n_b,yolov8n_head,cpu,51.759,0.003229,0.092086,0,705600,0,3,1,146
fused_seed0,rep1,15,yolov8n_d,yolov8n_backbone,hta,12.485,0.000521,0.357096,0,716800,0,1,3,103
fused_seed0,rep1,16,mlp_control,mlp_control_full,dsp,4.067,0.003698,0.003177,0,4,0,1,1,7
fused_seed0,rep1,17,fused_split,fused_depth_conv,dsp,1.0110000000000028,0.001459,0.003021,0,1024,0,1,1,2
fused_seed0,rep1,18,fused_split,fused_vision_conv,dsp,0.5140000000000029,0.000782,0.001875,0,1536,0,1,1,4
fused_seed0,rep1,19,fused_split,fused_tail,dsp,3.4769999999999968,0.002813,0.003594,2560,2,2,3,1,10
fused_seed0,rep1,20,mlp_control,mlp_control_full,dsp,0.6189999999999998,0.004166,0.002396,0,4,0,1,1,7
fused_seed0,rep1,21,yolov8n_c,yolov8n_head,dsp,17.843000000000004,0.002187,0.087451,0,705600,0,3,1,146
fused_seed0,rep1,22,yolov8n_d,yolov8n_head,dsp,17.13600000000001,0.002709,0.391419,0,705600,0,3,1,146
fused_seed0,rep2,0,fused_split,fused_vision_conv,dsp,1.095,0.000729,0.002083,0,1536,0,1,1,4
fused_seed0,rep2,1,yolov8n_b,yolov8n_backbone,hta,17.322,0.00073,0.098597,0,716800,0,1,3,103
fused_seed0,rep2,2,fused_split,fused_depth_conv,cpu,0.059000000000000004,0.00099,0.001667,0,1024,0,1,1,2
fused_seed0,rep2,3,mlp_control,mlp_control_full,cpu,0.078,0.001302,0.001041,0,16,0,1,1,7
fused_seed0,rep2,4,fused_split,fused_tail,cpu,4.997,0.002292,0.003281,0,8,0,3,1,10
fused_seed0,rep2,5,yolov8n_a,yolov8n_backbone,dsp,13.63,0.000886,0.08995,0,716800,0,1,3,103
fused_seed0,rep2,6,mlp_control,mlp_control_full,cpu,0.16900000000000048,0.001511,0.001302,0,16,0,1,1,7
fused_seed0,rep2,7,yolov8n_a,yolov8n_head,dsp,20.724000000000004,0.067137,0.519705,716800,705600,3,3,1,146
fused_seed0,rep2,8,fused_split,fused_vision_conv,hta,1.1739999999999995,0.000573,0.00125,0,1536,0,1,1,4
fused_seed0,rep2,9,fused_split,fused_depth_conv,cpu,0.2240000000000002,0.001198,0.001927,0,1024,0,1,1,2
fused_seed0,rep2,10,mlp_control,mlp_control_full,cpu,0.10200000000000031,0.001146,0.000885,0,16,0,1,1,7
fused_seed0,rep2,11,fused_split,fused_tail,cpu,2.2269999999999968,0.002552,0.002187,0,8,0,3,1,10
fused_seed0,rep2,12,yolov8n_c,yolov8n_backbone,hta,13.660999999999998,0.000729,0.33324,0,716800,0,1,3,103
fused_seed0,rep2,13,mlp_control,mlp_control_full,cpu,0.07499999999999929,0.001198,0.000886,0,16,0,1,1,7
fused_seed0,rep2,14,yolov8n_b,yolov8n_head,cpu,51.55800000000001,0.001719,0.115473,0,705600,0,3,1,146
fused_seed0,rep2,15,yolov8n_d,yolov8n_backbone,hta,13.401000000000003,0.001146,0.099378,0,716800,0,1,3,103
fused_seed0,rep2,16,mlp_control,mlp_control_full,dsp,7.463000000000001,0.005313,0.003802,0,4,0,1,1,7
fused_seed0,rep2,17,fused_split,fused_depth_conv,dsp,0.4989999999999952,0.001198,0.004011,0,1024,0,1,1,2
fused_seed0,rep2,18,fused_split,fused_vision_conv,dsp,1.6120000000000019,0.001198,5.160687,0,1536,0,1,1,4
fused_seed0,rep2,19,fused_split,fused_tail,dsp,3.0730000000000004,0.003854,0.001354,2560,2,2,3,1,10
fused_seed0,rep2,20,mlp_control,mlp_control_full,dsp,0.519999999999996,0.002031,0.001459,0,4,0,1,1,7
fused_seed0,rep2,21,yolov8n_c,yolov8n_head,dsp,16.36,0.001979,0.37371,0,705600,0,3,1,146
fused_seed0,rep2,22,yolov8n_d,yolov8n_head,dsp,18.212999999999994,0.002657,0.101254,0,705600,0,3,1,146
fused_seed0,rep3,0,fused_split,fused_vision_conv,dsp,1.625,0.001146,0.002552,0,1536,0,1,1,4
fused_seed0,rep3,1,yolov8n_b,yolov8n_backbone,hta,12.736,0.000573,0.104117,0,716800,0,1,3,103
fused_seed0,rep3,2,fused_split,fused_depth_conv,cpu,0.099,0.001406,0.001875,0,1024,0,1,1,2
fused_seed0,rep3,3,mlp_control,mlp_control_full,cpu,0.07299999999999998,0.000729,0.001093,0,16,0,1,1,7
fused_seed0,rep3,4,fused_split,fused_tail,cpu,4.484,0.003021,0.003385,0,8,0,3,1,10
fused_seed0,rep3,5,yolov8n_a,yolov8n_backbone,dsp,15.328000000000001,0.001198,0.577881,0,716800,0,1,3,103
fused_seed0,rep3,6,mlp_control,mlp_control_full,cpu,0.10500000000000043,0.001406,0.000729,0,16,0,1,1,7
fused_seed0,rep3,7,yolov8n_a,yolov8n_head,dsp,17.918,0.171827,0.450534,716800,705600,3,3,1,146
fused_seed0,rep3,8,fused_split,fused_vision_conv,hta,0.9619999999999997,0.000625,0.001094,0,1536,0,1,1,4
fused_seed0,rep3,9,fused_split,fused_depth_conv,cpu,0.06700000000000017,0.000729,0.001458,0,1024,0,1,1,2
fused_seed0,rep3,10,mlp_control,mlp_control_full,cpu,0.08899999999999864,0.002135,0.634915,0,16,0,1,1,7
fused_seed0,rep3,11,fused_split,fused_tail,cpu,1.243000000000002,0.004792,0.002292,0,8,0,3,1,10
fused_seed0,rep3,12,yolov8n_c,yolov8n_backbone,hta,22.243999999999996,0.000677,0.092867,0,716800,0,1,3,103
fused_seed0,rep3,13,mlp_control,mlp_control_full,cpu,0.07600000000000051,0.001511,0.001355,0,16,0,1,1,7
fused_seed0,rep3,14,yolov8n_b,yolov8n_head,cpu,50.396,0.002135,0.369907,0,705600,0,3,1,146
fused_seed0,rep3,15,yolov8n_d,yolov8n_backbone,hta,13.707999999999998,0.001354,0.091513,0,716800,0,1,3,103
fused_seed0,rep3,16,mlp_control,mlp_control_full,dsp,0.9809999999999945,0.011251,0.003437,0,4,0,1,1,7
fused_seed0,rep3,17,fused_split,fused_depth_conv,dsp,1.3969999999999985,0.000833,0.002865,0,1024,0,1,1,2
fused_seed0,rep3,18,fused_split,fused_vision_conv,dsp,0.4679999999999964,0.000625,0.001667,0,1536,0,1,1,4
fused_seed0,rep3,19,fused_split,fused_tail,dsp,3.2439999999999998,0.006355,0.002865,2560,2,2,3,1,10
fused_seed0,rep3,20,mlp_control,mlp_control_full,dsp,0.40800000000000125,0.001771,0.001719,0,4,0,1,1,7
fused_seed0,rep3,21,yolov8n_c,yolov8n_head,dsp,18.964000000000006,0.002656,0.363552,0,705600,0,3,1,146
fused_seed0,rep3,22,yolov8n_d,yolov8n_head,dsp,17.089999999999996,0.002708,0.080107,0,705600,0,3,1,146
fused_seed1,rep1,0,fused_split,fused_vision_conv,dsp,1.7870000000000001,0.000781,0.004114,0,1536,0,1,1,4
fused_seed1,rep1,1,fused_split,fused_depth_conv,cpu,0.093,0.000729,0.008332,0,1024,0,1,1,2
fused_seed1,rep1,2,yolov8n_e,yolov8n_backbone,hta,12.365,0.001094,0.081762,0,716800,0,1,3,103
fused_seed1,rep1,3,mlp_control,mlp_control_full,cpu,0.07799999999999999,0.000677,0.014582,0,16,0,1,1,7
fused_seed1,rep1,4,yolov8n_c,yolov8n_backbone,dsp,13.906999999999998,0.001198,0.095668,0,716800,0,1,3,103
fused_seed1,rep1,5,mlp_control,mlp_control_full,cpu,0.10500000000000043,0.00151,0.001823,0,16,0,1,1,7
fused_seed1,rep1,6,fused_split,fused_tail,cpu,1.6359999999999992,0.004791,0.002969,0,8,0,3,1,10
fused_seed1,rep1,7,mlp_control,mlp_control_full,cpu,0.0779999999999994,0.000834,0.000937,0,16,0,1,1,7
fused_seed1,rep1,8,fused_split,fused_depth_conv,dsp,1.820999999999998,0.000625,0.002031,0,1024,0,1,1,2
fused_seed1,rep1,9,fused_split,fused_vision_conv,hta,1.7889999999999997,0.000468,0.001927,0,1536,0,1,1,4
fused_seed1,rep1,10,yolov8n_d,yolov8n_backbone,hta,13.607,0.339184,0.084418,0,716800,0,1,3,103
fused_seed1,rep1,11,mlp_control,mlp_control_full,cpu,0.06099999999999994,0.000885,0.000937,0,16,0,1,1,7
fused_seed1,rep1,12,fused_split,fused_tail,cpu,1.0629999999999988,0.001823,0.002708,0,8,0,3,1,10
fused_seed1,rep1,13,fused_split,fused_vision_conv,dsp,0.7230000000000025,0.000521,0.001406,0,1536,0,1,1,4
fused_seed1,rep1,14,fused_split,fused_depth_conv,cpu,0.10100000000000264,0.001146,0.001354,0,1024,0,1,1,2
fused_seed1,rep1,15,yolov8n_e,yolov8n_head,dsp,18.949,0.003437,0.428289,0,705600,0,3,1,146
fused_seed1,rep1,16,mlp_control,mlp_control_full,cpu,0.07900000000000063,0.001093,0.00125,0,16,0,1,1,7
fused_seed1,rep1,17,fused_split,fused_tail,cpu,0.860000000000003,0.001875,0.00125,0,8,0,3,1,10
fused_seed1,rep1,18,mlp_control,mlp_control_full,cpu,0.0730000000000004,0.000885,0.000937,0,16,0,1,1,7
fused_seed1,rep1,19,yolov8n_b,yolov8n_backbone,hta,13.841999999999999,0.00073,0.062806,0,716800,0,1,3,103
fused_seed1,rep1,20,mlp_control,mlp_control_full,cpu,0.07099999999999795,0.00151,0.001041,0,16,0,1,1,7
fused_seed1,rep1,21,fused_split,fused_vision_conv,dsp,0.6319999999999979,0.002135,0.001666,0,1536,0,1,1,4
fused_seed1,rep1,22,fused_split,fused_depth_conv,cpu,0.11299999999999955,0.001146,0.001667,0,1024,0,1,1,2
fused_seed1,rep1,23,fused_split,fused_tail,cpu,0.8629999999999995,0.002239,0.002031,0,8,0,3,1,10
fused_seed1,rep1,24,yolov8n_d,yolov8n_head,dsp,17.045,0.001875,0.335017,0,705600,0,3,1,146
fused_seed1,rep1,25,mlp_control,mlp_control_full,cpu,0.06199999999999761,0.000625,0.000782,0,16,0,1,1,7
fused_seed1,rep1,26,mlp_control,mlp_control_full,cpu,0.047999999999994714,0.00052,0.000625,0,16,0,1,1,7
fused_seed1,rep1,27,fused_split,fused_vision_conv,hta,3.091000000000001,0.000833,0.00177,0,1536,0,1,1,4
fused_seed1,rep1,28,fused_split,fused_depth_conv,cpu,0.08200000000000074,0.000468,0.00099,0,1024,0,1,1,2
fused_seed1,rep1,29,fused_split,fused_tail,cpu,0.6710000000000065,0.001927,0.002083,0,8,0,3,1,10
fused_seed1,rep1,30,mlp_control,mlp_control_full,cpu,0.059000000000004604,0.000625,0.001041,0,16,0,1,1,7
fused_seed1,rep1,31,yolov8n_b,yolov8n_head,cpu,52.599999999999994,0.001927,0.358087,0,705600,0,3,1,146
fused_seed1,rep1,32,yolov8n_c,yolov8n_head,dsp,19.080000000000005,0.070201,0.195188,716800,705600,3,3,1,146
fused_seed1,rep1,33,yolov8n_a,yolov8n_backbone,hta,15.041999999999994,0.001562,0.424487,0,716800,0,1,3,103
fused_seed1,rep1,34,yolov8n_a,yolov8n_head,dsp,16.400999999999996,0.005103,0.346526,0,705600,0,3,1,146
fused_seed1,rep2,0,fused_split,fused_vision_conv,dsp,2.6470000000000002,0.000834,0.006093,0,1536,0,1,1,4
fused_seed1,rep2,1,fused_split,fused_depth_conv,cpu,0.178,0.001093,0.001354,0,1024,0,1,1,2
fused_seed1,rep2,2,yolov8n_e,yolov8n_backbone,hta,11.921999999999999,0.000989,0.073015,0,716800,0,1,3,103
fused_seed1,rep2,3,mlp_control,mlp_control_full,cpu,0.065,0.000677,0.000886,0,16,0,1,1,7
fused_seed1,rep2,4,yolov8n_c,yolov8n_backbone,dsp,12.937000000000001,0.001614,0.379915,0,716800,0,1,3,103
fused_seed1,rep2,5,mlp_control,mlp_control_full,cpu,0.07699999999999996,0.001406,0.000834,0,16,0,1,1,7
fused_seed1,rep2,6,fused_split,fused_tail,cpu,3.7140000000000004,0.003698,0.002239,0,8,0,3,1,10
fused_seed1,rep2,7,mlp_control,mlp_control_full,cpu,0.0840000000000014,0.001354,0.000782,0,16,0,1,1,7
fused_seed1,rep2,8,fused_split,fused_depth_conv,dsp,0.7070000000000007,0.000729,0.001667,0,1024,0,1,1,2
fused_seed1,rep2,9,fused_split,fused_vision_conv,hta,1.7910000000000004,0.00052,0.002291,0,1536,0,1,1,4
fused_seed1,rep2,10,yolov8n_d,yolov8n_backbone,hta,13.771,0.351949,0.070671,0,716800,0,1,3,103
fused_seed1,rep2,11,mlp_control,mlp_control_full,cpu,0.06099999999999994,0.001198,0.000938,0,16,0,1,1,7
fused_seed1,rep2,12,fused_split,fused_tail,cpu,2.276,0.002917,0.003541,0,8,0,3,1,10
fused_seed1,rep2,13,fused_split,fused_vision_conv,dsp,0.5910000000000011,0.000782,0.003437,0,1536,0,1,1,4
fused_seed1,rep2,14,fused_split,fused_depth_conv,cpu,0.15700000000000003,0.000677,0.001562,0,1024,0,1,1,2
fused_seed1,rep2,15,yolov8n_e,yolov8n_head,dsp,18.782999999999998,0.004999,0.096137,0,705600,0,3,1,146
fused_seed1,rep2,16,mlp_control,mlp_control_full,cpu,0.07599999999999696,0.00125,0.000625,0,16,0,1,1,7
fused_seed1,rep2,17,fused_split,fused_tail,cpu,0.9370000000000012,0.002968,0.000938,0,8,0,3,1,10
fused_seed1,rep2,18,mlp_control,mlp_control_full,cpu,0.09299999999999997,0.001406,0.000833,0,16,0,1,1,7
fused_seed1,rep2,19,yolov8n_b,yolov8n_backbone,hta,12.929000000000002,0.001042,0.135145,0,716800,0,1,3,103
fused_seed1,rep2,20,mlp_control,mlp_control_full,cpu,0.06900000000000261,0.001406,0.000833,0,16,0,1,1,7
fused_seed1,rep2,21,fused_split,fused_vision_conv,dsp,0.7809999999999988,0.002291,0.001666,0,1536,0,1,1,4
fused_seed1,rep2,22,fused_split,fused_depth_conv,cpu,0.10799999999999699,0.001094,0.002188,0,1024,0,1,1,2
fused_seed1,rep2,23,fused_split,fused_tail,cpu,0.8250000000000028,0.003281,0.001615,0,8,0,3,1,10
fused_seed1,rep2,24,yolov8n_d,yolov8n_head,dsp,16.214000000000006,0.001667,0.087597,0,705600,0,3,1,146
fused_seed1,rep2,25,mlp_control,mlp_control_full,cpu,0.08899999999999864,0.132593,0.000781,0,16,0,1,1,7
fused_seed1,rep2,26,mlp_control,mlp_control_full,cpu,0.09799999999999898,0.000781,0.000938,0,16,0,1,1,7
fused_seed1,rep2,27,fused_split,fused_vision_conv,hta,0.847999999999999,0.003645,0.001146,0,1536,0,1,1,4
fused_seed1,rep2,28,fused_split,fused_depth_conv,cpu,0.3190000000000026,0.000625,0.001198,0,1024,0,1,1,2
fused_seed1,rep2,29,fused_split,fused_tail,cpu,0.8470000000000013,0.002084,0.001614,0,8,0,3,1,10
fused_seed1,rep2,30,mlp_control,mlp_control_full,cpu,0.06900000000000261,0.000625,0.000677,0,16,0,1,1,7
fused_seed1,rep2,31,yolov8n_b,yolov8n_head,cpu,52.535,0.001875,0.370906,0,705600,0,3,1,146
fused_seed1,rep2,32,yolov8n_c,yolov8n_head,dsp,17.635999999999996,0.075514,0.412464,716800,705600,3,3,1,146
fused_seed1,rep2,33,yolov8n_a,yolov8n_backbone,hta,20.766000000000005,0.002135,0.405382,0,716800,0,1,3,103
fused_seed1,rep2,34,yolov8n_a,yolov8n_head,dsp,15.560000000000002,0.004688,0.356532,0,705600,0,3,1,146
fused_seed1,rep3,0,fused_split,fused_vision_conv,dsp,1.651,0.000625,0.002188,0,1536,0,1,1,4
fused_seed1,rep3,1,fused_split,fused_depth_conv,cpu,0.32299999999999995,0.000781,0.001406,0,1024,0,1,1,2
fused_seed1,rep3,2,yolov8n_e,yolov8n_backbone,hta,13.395,0.000937,0.083067,0,716800,0,1,3,103
fused_seed1,rep3,3,mlp_control,mlp_control_full,cpu,0.071,0.000625,0.000937,0,16,0,1,1,7
fused_seed1,rep3,4,yolov8n_c,yolov8n_backbone,dsp,15.488000000000001,0.001354,0.10442,0,716800,0,1,3,103
fused_seed1,rep3,5,mlp_control,mlp_control_full,cpu,0.10400000000000009,0.002604,0.000625,0,16,0,1,1,7
fused_seed1,rep3,6,fused_split,fused_tail,cpu,3.832,0.003646,0.002448,0,8,0,3,1,10
fused_seed1,rep3,7,mlp_control,mlp_control_full,cpu,0.06899999999999906,0.001354,0.000573,0,16,0,1,1,7
fused_seed1,rep3,8,fused_split,fused_depth_conv,dsp,1.024000000000001,0.001458,0.003073,0,1024,0,1,1,2
fused_seed1,rep3,9,fused_split,fused_vision_conv,hta,0.7430000000000003,0.000677,0.001249,0,1536,0,1,1,4
fused_seed1,rep3,10,yolov8n_d,yolov8n_backbone,hta,13.683000000000002,0.00099,0.066558,0,716800,0,1,3,103
fused_seed1,rep3,11,mlp_control,mlp_control_full,cpu,0.06199999999999939,0.001406,0.000521,0,16,0,1,1,7
fused_seed1,rep3,12,fused_split,fused_tail,cpu,1.0429999999999993,0.003229,0.001771,0,8,0,3,1,10
fused_seed1,rep3,13,fused_split,fused_vision_conv,dsp,0.5850000000000009,0.000677,0.001198,0,1536,0,1,1,4
fused_seed1,rep3,14,fused_split,fused_depth_conv,cpu,0.1059999999999981,0.000834,0.000937,0,1024,0,1,1,2
fused_seed1,rep3,15,yolov8n_e,yolov8n_head,dsp,20.555,0.002813,0.356641,0,705600,0,3,1,146
fused_seed1,rep3,16,mlp_control,mlp_control_full,cpu,0.11599999999999966,0.001719,0.000781,0,16,0,1,1,7
fused_seed1,rep3,17,fused_split,fused_tail,cpu,0.7959999999999994,0.002083,0.001146,0,8,0,3,1,10
fused_seed1,rep3,18,mlp_control,mlp_control_full,cpu,0.054999999999999716,0.000521,0.000677,0,16,0,1,1,7
fused_seed1,rep3,19,yolov8n_b,yolov8n_backbone,hta,14.427,0.000677,0.084109,0,716800,0,1,3,103
fused_seed1,rep3,20,mlp_control,mlp_control_full,cpu,0.14799999999999613,0.003905,0.001094,0,16,0,1,1,7
fused_seed1,rep3,21,fused_split,fused_vision_conv,dsp,1.208999999999996,0.001979,0.002292,0,1536,0,1,1,4
fused_seed1,rep3,22,fused_split,fused_depth_conv,cpu,0.2259999999999991,0.001458,0.002395,0,1024,0,1,1,2
fused_seed1,rep3,23,fused_split,fused_tail,cpu,0.9960000000000022,0.002708,0.001667,0,8,0,3,1,10
fused_seed1,rep3,24,yolov8n_d,yolov8n_head,dsp,16.970999999999997,0.001927,0.412106,0,705600,0,3,1,146
fused_seed1,rep3,25,mlp_control,mlp_control_full,cpu,0.06500000000000483,0.00099,0.00073,0,16,0,1,1,7
fused_seed1,rep3,26,mlp_control,mlp_control_full,cpu,0.04700000000000415,0.000521,0.000573,0,16,0,1,1,7
fused_seed1,rep3,27,fused_split,fused_vision_conv,hta,0.8840000000000003,0.000625,0.001041,0,1536,0,1,1,4
fused_seed1,rep3,28,fused_split,fused_depth_conv,cpu,0.07800000000000296,0.000468,0.000885,0,1024,0,1,1,2
fused_seed1,rep3,29,fused_split,fused_tail,cpu,0.5949999999999989,0.002031,0.001146,0,8,0,3,1,10
fused_seed1,rep3,30,mlp_control,mlp_control_full,cpu,0.055999999999997385,0.000468,0.000833,0,16,0,1,1,7
fused_seed1,rep3,31,yolov8n_b,yolov8n_head,cpu,52.17699999999999,0.002135,0.0914,0,705600,0,3,1,146
fused_seed1,rep3,32,yolov8n_c,yolov8n_head,dsp,18.583000000000006,0.089629,0.147438,716800,705600,3,3,1,146
fused_seed1,rep3,33,yolov8n_a,yolov8n_backbone,hta,16.034,0.261543,0.350496,0,716800,0,1,3,103
fused_seed1,rep3,34,yolov8n_a,yolov8n_head,dsp,16.516000000000005,0.004166,0.374817,0,705600,0,3,1,146
fused_seed7,rep1,0,fused_split,fused_vision_conv,dsp,0.499,0.000625,0.001562,0,1536,0,1,1,4
fused_seed7,rep1,1,fused_split,fused_depth_conv,dsp,0.5070000000000001,0.000781,0.002448,0,1024,0,1,1,2
fused_seed7,rep1,2,mlp_control,mlp_control_full,cpu,0.06399999999999961,0.000521,0.000833,0,16,0,1,1,7
fused_seed7,rep1,3,fused_split,fused_tail,cpu,3.574,0.001771,0.001146,0,8,0,3,1,10
fused_seed7,rep1,4,fused_split,fused_vision_conv,hta,0.7539999999999996,0.000521,0.000937,0,1536,0,1,1,4
fused_seed7,rep1,5,fused_split,fused_depth_conv,hta,0.9039999999999999,0.000469,0.002032,0,1024,0,1,1,2
fused_seed7,rep1,6,mlp_control,mlp_control_full,dsp,0.6449999999999996,0.000573,0.001145,0,4,0,1,1,7
fused_seed7,rep1,7,fused_split,fused_tail,cpu,0.572000000000001,0.001667,0.000989,0,8,0,3,1,10
fused_seed7,rep1,8,fused_split,fused_vision_conv,dsp,0.5850000000000009,0.000521,0.001302,0,1536,0,1,1,4
fused_seed7,rep1,9,mlp_control,mlp_control_full,cpu,0.05699999999999861,0.000625,0.000729,0,16,0,1,1,7
fused_seed7,rep1,10,fused_split,fused_depth_conv,cpu,0.20600000000000307,0.000781,0.000729,0,1024,0,1,1,2
fused_seed7,rep1,11,fused_split,fused_tail,cpu,2.121000000000002,0.001458,0.000885,0,8,0,3,1,10
fused_seed7,rep2,0,fused_split,fused_vision_conv,dsp,0.513,0.000416,0.001823,0,1536,0,1,1,4
fused_seed7,rep2,1,fused_split,fused_depth_conv,dsp,0.5119999999999998,0.000938,0.001927,0,1024,0,1,1,2
fused_seed7,rep2,2,mlp_control,mlp_control_full,cpu,0.06300000000000017,0.000573,0.000937,0,16,0,1,1,7
fused_seed7,rep2,3,fused_split,fused_tail,cpu,3.0789999999999997,0.001719,0.001458,0,8,0,3,1,10
fused_seed7,rep2,4,fused_split,fused_vision_conv,hta,0.8460000000000001,0.000677,0.001406,0,1536,0,1,1,4
fused_seed7,rep2,5,fused_split,fused_depth_conv,hta,0.8109999999999999,0.000469,0.002136,0,1024,0,1,1,2
fused_seed7,rep2,6,mlp_control,mlp_control_full,dsp,0.6229999999999993,0.000677,0.001406,0,4,0,1,1,7
fused_seed7,rep2,7,fused_split,fused_tail,cpu,0.5010000000000012,0.001718,0.000937,0,8,0,3,1,10
fused_seed7,rep2,8,fused_split,fused_vision_conv,dsp,0.5700000000000003,0.000625,0.001406,0,1536,0,1,1,4
fused_seed7,rep2,9,mlp_control,mlp_control_full,cpu,0.06099999999999994,0.000625,0.000781,0,16,0,1,1,7
fused_seed7,rep2,10,fused_split,fused_depth_conv,cpu,0.05099999999999838,0.000573,0.00073,0,1024,0,1,1,2
fused_seed7,rep2,11,fused_split,fused_tail,cpu,1.902000000000001,0.001615,0.001042,0,8,0,3,1,10
fused_seed7,rep3,0,fused_split,fused_vision_conv,dsp,0.6789999999999999,0.000625,0.002188,0,1536,0,1,1,4
fused_seed7,rep3,1,fused_split,fused_depth_conv,dsp,0.5120000000000002,0.000625,0.001771,0,1024,0,1,1,2
fused_seed7,rep3,2,mlp_control,mlp_control_full,cpu,0.06299999999999972,0.000729,0.00099,0,16,0,1,1,7
fused_seed7,rep3,3,fused_split,fused_tail,cpu,1.076,0.001562,0.001041,0,8,0,3,1,10
fused_seed7,rep3,4,fused_split,fused_vision_conv,hta,3.040000000000001,0.000469,0.002552,0,1536,0,1,1,4
fused_seed7,rep3,5,fused_split,fused_depth_conv,hta,0.6219999999999999,0.000417,0.001198,0,1024,0,1,1,2
fused_seed7,rep3,6,mlp_control,mlp_control_full,dsp,0.7780000000000005,0.000834,0.00125,0,4,0,1,1,7
fused_seed7,rep3,7,fused_split,fused_tail,cpu,0.5530000000000008,0.001927,0.000781,0,8,0,3,1,10
fused_seed7,rep3,8,fused_split,fused_vision_conv,dsp,0.4059999999999988,0.000677,0.000886,0,1536,0,1,1,4
fused_seed7,rep3,9,mlp_control,mlp_control_full,cpu,0.04899999999999949,0.000677,0.000573,0,16,0,1,1,7
fused_seed7,rep3,10,fused_split,fused_depth_conv,cpu,0.06799999999999784,0.000521,0.000833,0,1024,0,1,1,2
fused_seed7,rep3,11,fused_split,fused_tail,cpu,0.6000000000000014,0.001406,0.000782,0,8,0,3,1,10
fused_vint_seed0,rep1,0,fused_split,fused_vision_conv,hta,0.939,0.000729,0.002291,0,1536,0,1,1,4
fused_vint_seed0,rep1,1,fused_split,fused_depth_conv,cpu,3.9749999999999996,0.000677,0.00302,0,1024,0,1,1,2
fused_vint_seed0,rep1,2,vint,vint_encoders,dsp,17.378,0.001146,0.00401,0,3584,0,2,2,539
fused_vint_seed0,rep1,3,mlp_control,mlp_control_full,cpu,4.232,0.000781,0.001823,0,16,0,1,1,7
fused_vint_seed0,rep1,4,yolov8n_b,yolov8n_backbone,hta,12.744,0.000573,0.351282,0,716800,0,1,3,103
fused_vint_seed0,rep1,5,mlp_control,mlp_control_full,cpu,0.0779999999999994,0.001406,0.000573,0,16,0,1,1,7
fused_vint_seed0,rep1,6,fused_split,fused_tail,cpu,9.308,0.002916,0.002916,0,8,0,3,1,10
fused_vint_seed0,rep1,7,mlp_control,mlp_control_full,cpu,0.14399999999999835,0.004844,0.001094,0,16,0,1,1,7
fused_vint_seed0,rep1,8,fused_split,fused_vision_conv,hta,0.7429999999999986,0.000625,0.002135,0,1536,0,1,1,4
fused_vint_seed0,rep1,9,yolov8n_b,yolov8n_head,dsp,21.418000000000003,0.001614,3.886698,0,705600,0,3,1,146
fused_vint_seed0,rep1,10,fused_split,fused_depth_conv,cpu,0.06700000000000017,0.000886,0.001302,0,1024,0,1,1,2
fused_vint_seed0,rep1,11,fused_split,fused_tail,cpu,2.4049999999999976,0.001771,0.000833,0,8,0,3,1,10
fused_vint_seed0,rep1,12,yolov8n_c,yolov8n_backbone,hta,13.313999999999998,0.000729,0.30368,0,716800,0,1,3,103
fused_vint_seed0,rep1,13,mlp_control,mlp_control_full,cpu,0.05799999999999983,0.001198,0.000833,0,16,0,1,1,7
fused_vint_seed0,rep1,14,fused_split,fused_vision_conv,hta,0.7520000000000024,0.000677,0.002552,0,1536,0,1,1,4
fused_vint_seed0,rep1,15,mlp_control,mlp_control_full,dsp,1.0490000000000066,0.004167,0.002448,0,4,0,1,1,7
fused_vint_seed0,rep1,16,fused_split,fused_depth_conv,cpu,0.23000000000000043,0.000625,0.001354,0,1024,0,1,1,2
fused_vint_seed0,rep1,17,yolov8n_a,yolov8n_backbone,hta,14.682999999999996,0.000469,0.372895,0,716800,0,1,3,103
fused_vint_seed0,rep1,18,fused_split,fused_tail,cpu,3.963000000000001,0.001927,0.004479,0,8,0,3,1,10
fused_vint_seed0,rep1,19,yolov8n_c,yolov8n_head,dsp,18.078000000000003,0.003386,0.517366,0,705600,0,3,1,146
fused_vint_seed0,rep1,20,mlp_control,mlp_control_full,cpu,0.15500000000000114,0.00625,0.001614,0,16,0,1,1,7
fused_vint_seed0,rep1,21,vint,vint_decoder,cpu,25.352000000000004,0.002396,0.003177,0,4,0,2,1,66
fused_vint_seed0,rep1,22,fused_split,fused_vision_conv,hta,2.7420000000000044,0.000938,0.002448,0,1536,0,1,1,4
fused_vint_seed0,rep1,23,yolov8n_d,yolov8n_backbone,hta,13.154000000000003,0.000885,0.30394,0,716800,0,1,3,103
fused_vint_seed0,rep1,24,mlp_control,mlp_control_full,dsp,0.8169999999999931,0.006353,0.001666,0,4,0,1,1,7
fused_vint_seed0,rep1,25,fused_split,fused_depth_conv,dsp,2.155000000000001,0.002084,0.001406,0,1024,0,1,1,2
fused_vint_seed0,rep1,26,fused_split,fused_tail,dsp,3.5889999999999986,0.002761,0.002396,1024,2,1,3,1,10
fused_vint_seed0,rep1,27,mlp_control,mlp_control_full,dsp,0.7450000000000045,0.001302,0.001719,0,4,0,1,1,7
fused_vint_seed0,rep1,28,fused_split,fused_vision_conv,dsp,0.6539999999999964,0.000781,0.00427,0,1536,0,1,1,4
fused_vint_seed0,rep1,29,fused_split,fused_depth_conv,dsp,0.37000000000000455,0.001146,0.001198,0,1024,0,1,1,2
fused_vint_seed0,rep1,30,mlp_control,mlp_control_full,dsp,0.38400000000000034,0.000834,0.000833,0,4,0,1,1,7
fused_vint_seed0,rep1,31,fused_split,fused_tail,dsp,3.2419999999999902,0.001979,0.001354,2560,2,2,3,1,10
fused_vint_seed0,rep1,32,mlp_control,mlp_control_full,dsp,0.7449999999999903,0.000834,0.001719,0,4,0,1,1,7
fused_vint_seed0,rep1,33,yolov8n_d,yolov8n_head,dsp,17.099000000000004,0.001614,0.086766,0,705600,0,3,1,146
fused_vint_seed0,rep1,34,fused_split,fused_vision_conv,hta,1.0960000000000036,0.000573,0.001719,0,1536,0,1,1,4
fused_vint_seed0,rep1,35,fused_split,fused_depth_conv,hta,1.0049999999999955,0.000521,0.001718,0,1024,0,1,1,2
fused_vint_seed0,rep1,36,mlp_control,mlp_control_full,cpu,0.07500000000000284,0.001354,0.000781,0,16,0,1,1,7
fused_vint_seed0,rep1,37,mlp_control,mlp_control_full,cpu,0.04800000000000182,0.000625,0.000677,0,16,0,1,1,7
fused_vint_seed0,rep1,38,yolov8n_a,yolov8n_head,dsp,17.14,0.002812,0.078172,0,705600,0,3,1,146
fused_vint_seed0,rep1,39,fused_split,fused_tail,cpu,0.7959999999999923,0.003281,0.001406,0,8,0,3,1,10
fused_vint_seed0,rep2,0,fused_split,fused_vision_conv,hta,1.141,0.000573,0.001511,0,1536,0,1,1,4
fused_vint_seed0,rep2,1,fused_split,fused_depth_conv,cpu,0.388,0.000729,0.00151,0,1024,0,1,1,2
fused_vint_seed0,rep2,2,vint,vint_encoders,dsp,15.853,0.000937,0.004115,0,3584,0,2,2,539
fused_vint_seed0,rep2,3,mlp_control,mlp_control_full,cpu,0.07700000000000001,0.000624,0.00125,0,16,0,1,1,7
fused_vint_seed0,rep2,4,yolov8n_b,yolov8n_backbone,hta,12.778,0.000625,0.080621,0,716800,0,1,3,103
fused_vint_seed0,rep2,5,mlp_control,mlp_control_full,cpu,0.10400000000000009,0.002239,0.000833,0,16,0,1,1,7
fused_vint_seed0,rep2,6,fused_split,fused_tail,cpu,1.4930000000000003,0.003541,0.002031,0,8,0,3,1,10
fused_vint_seed0,rep2,7,mlp_control,mlp_control_full,cpu,0.07000000000000028,0.001146,0.000625,0,16,0,1,1,7
fused_vint_seed0,rep2,8,fused_split,fused_vision_conv,hta,0.9860000000000007,0.000729,0.001354,0,1536,0,1,1,4
fused_vint_seed0,rep2,9,yolov8n_b,yolov8n_head,dsp,25.668000000000003,0.001979,0.199364,0,705600,0,3,1,146
fused_vint_seed0,rep2,10,fused_split,fused_depth_conv,cpu,0.347999999999999,0.000833,0.001146,0,1024,0,1,1,2
fused_vint_seed0,rep2,11,fused_split,fused_tail,cpu,3.1899999999999977,0.002239,0.004479,0,8,0,3,1,10
fused_vint_seed0,rep2,12,yolov8n_c,yolov8n_backbone,hta,13.975000000000001,0.000469,0.10614,0,716800,0,1,3,103
fused_vint_seed0,rep2,13,mlp_control,mlp_control_full,cpu,0.09199999999999875,0.002448,0.000885,0,16,0,1,1,7
fused_vint_seed0,rep2,14,fused_split,fused_vision_conv,hta,1.1739999999999995,0.001511,0.001615,0,1536,0,1,1,4
fused_vint_seed0,rep2,15,mlp_control,mlp_control_full,dsp,0.8870000000000005,0.005104,0.001302,0,4,0,1,1,7
fused_vint_seed0,rep2,16,fused_split,fused_depth_conv,cpu,0.24799999999999756,0.000625,0.001458,0,1024,0,1,1,2
fused_vint_seed0,rep2,17,yolov8n_a,yolov8n_backbone,hta,13.534999999999997,0.000573,0.437633,0,716800,0,1,3,103
fused_vint_seed0,rep2,18,fused_split,fused_tail,cpu,2.9499999999999957,0.003333,0.002656,0,8,0,3,1,10
fused_vint_seed0,rep2,19,yolov8n_c,yolov8n_head,dsp,17.736999999999995,0.002031,0.162179,0,705600,0,3,1,146
fused_vint_seed0,rep2,20,mlp_control,mlp_control_full,cpu,0.10300000000000153,0.003646,0.000677,0,16,0,1,1,7
fused_vint_seed0,rep2,21,vint,vint_decoder,cpu,20.900000000000006,0.002708,0.001875,0,4,0,2,1,66
fused_vint_seed0,rep2,22,fused_split,fused_vision_conv,hta,8.421999999999997,0.000729,0.004948,0,1536,0,1,1,4
fused_vint_seed0,rep2,23,yolov8n_d,yolov8n_backbone,hta,14.611999999999995,0.000729,0.351336,0,716800,0,1,3,103
fused_vint_seed0,rep2,24,mlp_control,mlp_control_full,dsp,2.259999999999991,0.001042,0.001302,0,4,0,1,1,7
fused_vint_seed0,rep2,25,fused_split,fused_depth_conv,dsp,2.370999999999995,0.002084,0.002084,0,1024,0,1,1,2
fused_vint_seed0,rep2,26,fused_split,fused_tail,dsp,3.0619999999999976,0.002292,0.002448,1024,2,1,3,1,10
fused_vint_seed0,rep2,27,mlp_control,mlp_control_full,dsp,0.7040000000000077,0.001667,0.001875,0,4,0,1,1,7
fused_vint_seed0,rep2,28,fused_split,fused_vision_conv,dsp,0.644999999999996,0.000833,0.004479,0,1536,0,1,1,4
fused_vint_seed0,rep2,29,fused_split,fused_depth_conv,dsp,0.34499999999999886,0.001042,0.001198,0,1024,0,1,1,2
fused_vint_seed0,rep2,30,mlp_control,mlp_control_full,dsp,0.36700000000000443,0.000834,0.000834,0,4,0,1,1,7
fused_vint_seed0,rep2,31,fused_split,fused_tail,dsp,2.9540000000000077,0.001927,0.000938,2560,2,2,3,1,10
fused_vint_seed0,rep2,32,mlp_control,mlp_control_full,dsp,0.5349999999999966,0.001823,0.000989,0,4,0,1,1,7
fused_vint_seed0,rep2,33,yolov8n_d,yolov8n_head,dsp,16.155,0.001823,0.083069,0,705600,0,3,1,146
fused_vint_seed0,rep2,34,fused_split,fused_vision_conv,hta,0.7419999999999902,0.000625,0.002396,0,1536,0,1,1,4
fused_vint_seed0,rep2,35,fused_split,fused_depth_conv,hta,0.7909999999999968,0.000729,0.003177,0,1024,0,1,1,2
fused_vint_seed0,rep2,36,mlp_control,mlp_control_full,cpu,0.07600000000000762,0.001719,0.000625,0,16,0,1,1,7
fused_vint_seed0,rep2,37,mlp_control,mlp_control_full,cpu,0.04899999999999238,0.000885,0.000625,0,16,0,1,1,7
fused_vint_seed0,rep2,38,yolov8n_a,yolov8n_head,dsp,16.132999999999996,0.002031,0.078537,0,705600,0,3,1,146
fused_vint_seed0,rep2,39,fused_split,fused_tail,cpu,0.7610000000000099,0.002604,0.001927,0,8,0,3,1,10
fused_vint_seed0,rep3,0,fused_split,fused_vision_conv,hta,2.087,0.000677,0.001146,0,1536,0,1,1,4
fused_vint_seed0,rep3,1,fused_split,fused_depth_conv,cpu,0.078,0.000782,0.001562,0,1024,0,1,1,2
fused_vint_seed0,rep3,2,vint,vint_encoders,dsp,16.461,0.000781,0.004739,0,3584,0,2,2,539
fused_vint_seed0,rep3,3,mlp_control,mlp_control_full,cpu,0.21500000000000002,0.000625,0.001042,0,16,0,1,1,7
fused_vint_seed0,rep3,4,yolov8n_b,yolov8n_backbone,hta,13.466,0.000573,0.330974,0,716800,0,1,3,103
fused_vint_seed0,rep3,5,mlp_control,mlp_control_full,cpu,0.10499999999999954,0.002447,0.001406,0,16,0,1,1,7
fused_vint_seed0,rep3,6,fused_split,fused_tail,cpu,3.667,0.002448,0.002083,0,8,0,3,1,10
fused_vint_seed0,rep3,7,mlp_control,mlp_control_full,cpu,0.06700000000000017,0.000937,0.001041,0,16,0,1,1,7
fused_vint_seed0,rep3,8,fused_split,fused_vision_conv,hta,1.065999999999999,0.000729,0.001406,0,1536,0,1,1,4
fused_vint_seed0,rep3,9,yolov8n_b,yolov8n_head,dsp,18.485000000000003,0.002187,0.085256,0,705600,0,3,1,146
fused_vint_seed0,rep3,10,fused_split,fused_depth_conv,cpu,0.2029999999999994,0.633771,0.001406,0,1024,0,1,1,2
fused_vint_seed0,rep3,11,fused_split,fused_tail,cpu,2.5790000000000006,0.003177,0.003073,0,8,0,3,1,10
fused_vint_seed0,rep3,12,yolov8n_c,yolov8n_backbone,hta,13.377000000000002,0.000521,0.3404,0,716800,0,1,3,103
fused_vint_seed0,rep3,13,mlp_control,mlp_control_full,cpu,0.1490000000000009,0.001406,0.001563,0,16,0,1,1,7
fused_vint_seed0,rep3,14,fused_split,fused_vision_conv,hta,1.1550000000000047,0.000625,0.001145,0,1536,0,1,1,4
fused_vint_seed0,rep3,15,mlp_control,mlp_control_full,dsp,4.9040000000000035,0.001146,0.003854,0,4,0,1,1,7
fused_vint_seed0,rep3,16,fused_split,fused_depth_conv,cpu,0.06499999999999773,0.000781,0.002291,0,1024,0,1,1,2
fused_vint_seed0,rep3,17,yolov8n_a,yolov8n_backbone,hta,13.762999999999998,0.000833,0.372951,0,716800,0,1,3,103
fused_vint_seed0,rep3,18,fused_split,fused_tail,cpu,2.113999999999997,0.002395,0.001562,0,8,0,3,1,10
fused_vint_seed0,rep3,19,yolov8n_c,yolov8n_head,dsp,19.994999999999997,0.006563,0.384461,0,705600,0,3,1,146
fused_vint_seed0,rep3,20,mlp_control,mlp_control_full,cpu,0.07200000000000273,0.001302,0.000886,0,16,0,1,1,7
fused_vint_seed0,rep3,21,vint,vint_decoder,cpu,26.031999999999996,0.001563,0.002708,0,4,0,2,1,66
fused_vint_seed0,rep3,22,fused_split,fused_vision_conv,hta,1.2420000000000044,0.000833,0.004947,0,1536,0,1,1,4
fused_vint_seed0,rep3,23,yolov8n_d,yolov8n_backbone,hta,12.405999999999999,0.000989,0.417896,0,716800,0,1,3,103
fused_vint_seed0,rep3,24,mlp_control,mlp_control_full,dsp,0.7679999999999936,0.002031,0.001406,0,4,0,1,1,7
fused_vint_seed0,rep3,25,fused_split,fused_depth_conv,dsp,0.5150000000000006,0.001562,0.001354,0,1024,0,1,1,2
fused_vint_seed0,rep3,26,fused_split,fused_tail,dsp,3.0820000000000007,0.002083,0.000833,1024,2,1,3,1,10
fused_vint_seed0,rep3,27,mlp_control,mlp_control_full,dsp,0.5560000000000116,0.000677,0.00099,0,4,0,1,1,7
fused_vint_seed0,rep3,28,fused_split,fused_vision_conv,dsp,0.4720000000000084,0.000833,0.001927,0,1536,0,1,1,4
fused_vint_seed0,rep3,29,fused_split,fused_depth_conv,dsp,0.35899999999999466,0.000625,0.000989,0,1024,0,1,1,2
fused_vint_seed0,rep3,30,mlp_control,mlp_control_full,dsp,0.39400000000000546,0.000521,0.000781,0,4,0,1,1,7
fused_vint_seed0,rep3,31,fused_split,fused_tail,dsp,3.566999999999993,0.001875,0.001511,2560,2,2,3,1,10
fused_vint_seed0,rep3,32,mlp_control,mlp_control_full,dsp,0.6820000000000022,0.000937,0.001042,0,4,0,1,1,7
fused_vint_seed0,rep3,33,yolov8n_d,yolov8n_head,dsp,16.92,0.002187,0.357222,0,705600,0,3,1,146
fused_vint_seed0,rep3,34,fused_split,fused_vision_conv,hta,0.7360000000000042,0.000781,0.000781,0,1536,0,1,1,4
fused_vint_seed0,rep3,35,fused_split,fused_depth_conv,hta,0.9069999999999965,0.000625,0.003073,0,1024,0,1,1,2
fused_vint_seed0,rep3,36,mlp_control,mlp_control_full,cpu,0.07200000000000273,0.00125,0.000625,0,16,0,1,1,7
fused_vint_seed0,rep3,37,mlp_control,mlp_control_full,cpu,0.054000000000002046,0.000937,0.000729,0,16,0,1,1,7
fused_vint_seed0,rep3,38,yolov8n_a,yolov8n_head,dsp,16.31599999999999,0.00276,0.348473,0,705600,0,3,1,146
fused_vint_seed0,rep3,39,fused_split,fused_tail,cpu,0.722999999999999,0.002709,0.001667,0,8,0,3,1,10
fused_vint_seed1,rep1,0,fused_split,fused_depth_conv,hta,1.1840000000000002,0.00073,0.00198,0,1024,0,1,1,2
fused_vint_seed1,rep1,1,mlp_control,mlp_control_full,cpu,0.077,0.000989,0.001042,0,16,0,1,1,7
fused_vint_seed1,rep1,2,fused_split,fused_vision_conv,dsp,0.813,0.000834,0.001458,0,1536,0,1,1,4
fused_vint_seed1,rep1,3,vint,vint_encoders,dsp,15.899000000000001,0.001042,0.012655,0,3584,0,2,2,539
fused_vint_seed1,rep1,4,yolov8n_a,yolov8n_backbone,hta,13.665,0.000417,0.340039,0,716800,0,1,3,103
fused_vint_seed1,rep1,5,mlp_control,mlp_control_full,cpu,0.12600000000000033,0.001875,0.001458,0,16,0,1,1,7
fused_vint_seed1,rep1,6,fused_split,fused_tail,cpu,4.086,0.003073,0.002396,0,8,0,3,1,10
fused_vint_seed1,rep1,7,fused_split,fused_depth_conv,cpu,0.057000000000000384,0.000677,0.00125,0,1024,0,1,1,2
fused_vint_seed1,rep1,8,mlp_control,mlp_control_full,cpu,0.0730000000000004,0.000625,0.000677,0,16,0,1,1,7
fused_vint_seed1,rep1,9,mlp_control,mlp_control_full,dsp,0.8930000000000007,0.000886,0.002135,0,4,0,1,1,7
fused_vint_seed1,rep1,10,fused_split,fused_vision_conv,dsp,0.7199999999999989,0.001406,0.001614,0,1536,0,1,1,4
fused_vint_seed1,rep1,11,fused_split,fused_tail,cpu,0.5899999999999999,0.002187,0.000833,0,8,0,3,1,10
fused_vint_seed1,rep1,12,fused_split,fused_vision_conv,dsp,0.4289999999999985,0.000729,0.001302,0,1536,0,1,1,4
fused_vint_seed1,rep1,13,mlp_control,mlp_control_full,cpu,0.06400000000000006,0.000729,0.000781,0,16,0,1,1,7
fused_vint_seed1,rep1,14,fused_split,fused_depth_conv,hta,0.9279999999999973,0.000729,0.000833,0,1024,0,1,1,2
fused_vint_seed1,rep1,15,yolov8n_a,yolov8n_head,dsp,18.355999999999998,0.001979,0.39212,0,705600,0,3,1,146
fused_vint_seed1,rep1,16,yolov8n_b,yolov8n_backbone,hta,13.794,0.000469,0.097392,0,716800,0,1,3,103
fused_vint_seed1,rep1,17,fused_split,fused_tail,cpu,1.304000000000002,0.004687,0.001563,0,8,0,3,1,10
fused_vint_seed1,rep1,18,mlp_control,mlp_control_full,cpu,0.13200000000000145,0.001562,0.00125,0,16,0,1,1,7
fused_vint_seed1,rep1,19,fused_split,fused_depth_conv,cpu,0.06099999999999994,0.00125,0.001198,0,1024,0,1,1,2
fused_vint_seed1,rep1,20,mlp_control,mlp_control_full,cpu,0.054000000000002046,0.000781,0.000885,0,16,0,1,1,7
fused_vint_seed1,rep1,21,yolov8n_c,yolov8n_backbone,hta,13.378,0.000781,0.164109,0,716800,0,1,3,103
fused_vint_seed1,rep1,22,fused_split,fused_vision_conv,dsp,0.8500000000000014,0.001719,0.003698,0,1536,0,1,1,4
fused_vint_seed1,rep1,23,fused_split,fused_tail,cpu,1.1310000000000002,0.003802,0.001198,0,8,0,3,1,10
fused_vint_seed1,rep1,24,mlp_control,mlp_control_full,cpu,0.07800000000000296,0.00198,0.000886,0,16,0,1,1,7
fused_vint_seed1,rep1,25,mlp_control,mlp_control_full,cpu,0.0519999999999996,0.000416,0.000521,0,16,0,1,1,7
fused_vint_seed1,rep1,26,fused_split,fused_vision_conv,dsp,2.210000000000001,0.000782,0.001562,0,1536,0,1,1,4
fused_vint_seed1,rep1,27,fused_split,fused_depth_conv,dsp,0.5640000000000001,0.001771,0.003021,0,1024,0,1,1,2
fused_vint_seed1,rep1,28,mlp_control,mlp_control_full,dsp,0.5,0.001354,0.00224,0,4,0,1,1,7
fused_vint_seed1,rep1,29,fused_split,fused_tail,cpu,2.0180000000000007,0.002604,0.001146,0,8,0,3,1,10
fused_vint_seed1,rep1,30,yolov8n_b,yolov8n_head,dsp,18.794000000000004,0.004532,0.391339,0,705600,0,3,1,146
fused_vint_seed1,rep1,31,fused_split,fused_vision_conv,hta,0.9369999999999976,0.000885,0.002135,0,1536,0,1,1,4
fused_vint_seed1,rep1,32,yolov8n_d,yolov8n_backbone,hta,16.227999999999994,0.000365,0.436858,0,716800,0,1,3,103
fused_vint_seed1,rep1,33,fused_split,fused_depth_conv,cpu,0.8049999999999997,0.001198,0.001249,0,1024,0,1,1,2
fused_vint_seed1,rep1,34,mlp_control,mlp_control_full,cpu,0.08500000000000085,0.00151,0.001615,0,16,0,1,1,7
fused_vint_seed1,rep1,35,fused_split,fused_tail,cpu,1.3729999999999976,0.006666,0.001145,0,8,0,3,1,10
fused_vint_seed1,rep1,36,mlp_control,mlp_control_full,cpu,0.10000000000000142,0.001979,0.000937,0,16,0,1,1,7
fused_vint_seed1,rep1,37,mlp_control,mlp_control_full,dsp,0.5699999999999932,0.001406,0.001979,0,4,0,1,1,7
fused_vint_seed1,rep1,38,fused_split,fused_depth_conv,dsp,0.7160000000000082,0.00125,0.001927,0,1024,0,1,1,2
fused_vint_seed1,rep1,39,yolov8n_c,yolov8n_head,dsp,17.331000000000003,0.002396,0.4379,0,705600,0,3,1,146
fused_vint_seed1,rep1,40,fused_split,fused_vision_conv,hta,0.9809999999999945,0.000781,0.001459,0,1536,0,1,1,4
fused_vint_seed1,rep1,41,fused_split,fused_tail,cpu,0.7549999999999955,0.002657,0.001875,0,8,0,3,1,10
fused_vint_seed1,rep1,42,mlp_control,mlp_control_full,cpu,0.06199999999999761,0.001771,0.001146,0,16,0,1,1,7
fused_vint_seed1,rep1,43,fused_split,fused_depth_conv,hta,0.6430000000000007,0.001093,0.001146,0,1024,0,1,1,2
fused_vint_seed1,rep1,44,fused_split,fused_vision_conv,hta,1.0019999999999953,0.000729,0.00151,0,1536,0,1,1,4
fused_vint_seed1,rep1,45,mlp_control,mlp_control_full,cpu,0.055999999999997385,0.001042,0.000989,0,16,0,1,1,7
fused_vint_seed1,rep1,46,fused_split,fused_tail,cpu,1.088000000000008,0.001875,0.000886,0,8,0,3,1,10
fused_vint_seed1,rep1,47,mlp_control,mlp_control_full,cpu,0.05700000000000216,0.000677,0.000625,0,16,0,1,1,7
fused_vint_seed1,rep1,48,vint,vint_decoder,cpu,24.878,0.001875,0.003906,0,4,0,2,1,66
fused_vint_seed1,rep1,49,fused_split,fused_depth_conv,dsp,0.48699999999999477,0.003958,0.002865,0,1024,0,1,1,2
fused_vint_seed1,rep1,50,fused_split,fused_vision_conv,hta,1.5969999999999942,0.001042,0.003229,0,1536,0,1,1,4
fused_vint_seed1,rep1,51,mlp_control,mlp_control_full,dsp,0.9009999999999962,0.009218,0.002864,0,4,0,1,1,7
fused_vint_seed1,rep1,52,yolov8n_e,yolov8n_backbone,hta,12.74499999999999,0.001198,0.08182,0,716800,0,1,3,103
fused_vint_seed1,rep1,53,fused_split,fused_tail,dsp,3.2039999999999935,0.003646,0.002709,2560,2,2,3,1,10
fused_vint_seed1,rep1,54,mlp_control,mlp_control_full,dsp,2.2539999999999907,0.0025,0.00125,0,4,0,1,1,7
fused_vint_seed1,rep1,55,yolov8n_d,yolov8n_head,dsp,17.634,0.00125,0.387225,0,705600,0,3,1,146
fused_vint_seed1,rep1,56,yolov8n_e,yolov8n_head,dsp,16.107,0.002187,0.384569,0,705600,0,3,1,146
fused_vint_seed1,rep2,0,fused_split,fused_depth_conv,hta,1.111,0.000573,0.001979,0,1024,0,1,1,2
fused_vint_seed1,rep2,1,mlp_control,mlp_control_full,cpu,0.076,0.000677,0.001823,0,16,0,1,1,7
fused_vint_seed1,rep2,2,fused_split,fused_vision_conv,dsp,0.938,0.000782,0.002865,0,1536,0,1,1,4
fused_vint_seed1,rep2,3,vint,vint_encoders,dsp,15.398,0.000938,0.005885,0,3584,0,2,2,539
fused_vint_seed1,rep2,4,yolov8n_a,yolov8n_backbone,hta,14.041,0.000416,0.309104,0,716800,0,1,3,103
fused_vint_seed1,rep2,5,mlp_control,mlp_control_full,cpu,0.08499999999999996,0.001093,0.001771,0,16,0,1,1,7
fused_vint_seed1,rep2,6,fused_split,fused_tail,cpu,2.0069999999999997,0.004948,0.002709,0,8,0,3,1,10
fused_vint_seed1,rep2,7,fused_split,fused_depth_conv,cpu,0.08300000000000018,0.001303,0.002135,0,1024,0,1,1,2
fused_vint_seed1,rep2,8,mlp_control,mlp_control_full,cpu,0.10899999999999999,0.001042,0.001302,0,16,0,1,1,7
fused_vint_seed1,rep2,9,mlp_control,mlp_control_full,dsp,0.6649999999999991,0.000833,0.001041,0,4,0,1,1,7
fused_vint_seed1,rep2,10,fused_split,fused_vision_conv,dsp,0.7899999999999991,0.001354,0.001302,0,1536,0,1,1,4
fused_vint_seed1,rep2,11,fused_split,fused_tail,cpu,0.6979999999999968,0.0025,0.000781,0,8,0,3,1,10
fused_vint_seed1,rep2,12,fused_split,fused_vision_conv,dsp,0.39399999999999835,0.00073,0.001093,0,1536,0,1,1,4
fused_vint_seed1,rep2,13,mlp_control,mlp_control_full,cpu,0.05900000000000105,0.000885,0.000938,0,16,0,1,1,7
fused_vint_seed1,rep2,14,fused_split,fused_depth_conv,hta,0.8109999999999999,0.000573,0.001093,0,1024,0,1,1,2
fused_vint_seed1,rep2,15,yolov8n_a,yolov8n_head,dsp,17.481,0.001719,0.393685,0,705600,0,3,1,146
fused_vint_seed1,rep2,16,yolov8n_b,yolov8n_backbone,hta,15.447000000000003,0.000469,0.072445,0,716800,0,1,3,103
fused_vint_seed1,rep2,17,fused_split,fused_tail,cpu,1.2750000000000021,0.004323,0.001979,0,8,0,3,1,10
fused_vint_seed1,rep2,18,mlp_control,mlp_control_full,cpu,0.11400000000000077,0.002031,0.002865,0,16,0,1,1,7
fused_vint_seed1,rep2,19,fused_split,fused_depth_conv,cpu,0.13599999999999923,0.001563,0.001719,0,1024,0,1,1,2
fused_vint_seed1,rep2,20,mlp_control,mlp_control_full,cpu,0.05399999999999494,0.00073,0.001042,0,16,0,1,1,7
fused_vint_seed1,rep2,21,yolov8n_c,yolov8n_backbone,hta,13.286000000000001,0.000885,0.071092,0,716800,0,1,3,103
fused_vint_seed1,rep2,22,fused_split,fused_vision_conv,dsp,0.5700000000000003,0.001146,0.001771,0,1536,0,1,1,4
fused_vint_seed1,rep2,23,fused_split,fused_tail,cpu,2.174999999999997,0.002812,0.003958,0,8,0,3,1,10
fused_vint_seed1,rep2,24,mlp_control,mlp_control_full,cpu,0.08300000000000551,0.001823,0.001041,0,16,0,1,1,7
fused_vint_seed1,rep2,25,mlp_control,mlp_control_full,cpu,0.0799999999999983,0.001042,0.000625,0,16,0,1,1,7
fused_vint_seed1,rep2,26,fused_split,fused_vision_conv,dsp,0.4540000000000006,0.00099,0.001667,0,1536,0,1,1,4
fused_vint_seed1,rep2,27,fused_split,fused_depth_conv,dsp,0.39400000000000546,0.001406,0.001354,0,1024,0,1,1,2
fused_vint_seed1,rep2,28,mlp_control,mlp_control_full,dsp,0.517000000000003,0.000938,0.001407,0,4,0,1,1,7
fused_vint_seed1,rep2,29,fused_split,fused_tail,cpu,0.6379999999999981,0.002499,0.000885,0,8,0,3,1,10
fused_vint_seed1,rep2,30,yolov8n_b,yolov8n_head,dsp,18.723000000000006,0.001666,0.40884,0,705600,0,3,1,146
fused_vint_seed1,rep2,31,fused_split,fused_vision_conv,hta,0.9209999999999923,0.000937,0.002396,0,1536,0,1,1,4
fused_vint_seed1,rep2,32,yolov8n_d,yolov8n_backbone,hta,13.883000000000003,0.000572,0.09833,0,716800,0,1,3,103
fused_vint_seed1,rep2,33,fused_split,fused_depth_conv,cpu,0.0899999999999963,0.00125,0.001458,0,1024,0,1,1,2
fused_vint_seed1,rep2,34,mlp_control,mlp_control_full,cpu,1.2070000000000007,0.001458,0.001198,0,16,0,1,1,7
fused_vint_seed1,rep2,35,fused_split,fused_tail,cpu,1.1229999999999905,0.003281,0.001198,0,8,0,3,1,10
fused_vint_seed1,rep2,36,mlp_control,mlp_control_full,cpu,0.10999999999999943,0.000937,0.000833,0,16,0,1,1,7
fused_vint_seed1,rep2,37,mlp_control,mlp_control_full,dsp,0.563999999999993,0.001093,0.001145,0,4,0,1,1,7
fused_vint_seed1,rep2,38,fused_split,fused_depth_conv,dsp,0.49500000000000455,0.00125,0.001302,0,1024,0,1,1,2
fused_vint_seed1,rep2,39,yolov8n_c,yolov8n_head,dsp,17.283999999999992,0.00224,0.417903,0,705600,0,3,1,146
fused_vint_seed1,rep2,40,fused_split,fused_vision_conv,hta,1.0890000000000128,0.000573,0.001146,0,1536,0,1,1,4
fused_vint_seed1,rep2,41,fused_split,fused_tail,cpu,0.5879999999999939,0.002292,0.000885,0,8,0,3,1,10
fused_vint_seed1,rep2,42,mlp_control,mlp_control_full,cpu,0.06999999999999318,0.000833,0.001198,0,16,0,1,1,7
fused_vint_seed1,rep2,43,fused_split,fused_depth_conv,hta,0.958999999999989,0.000573,0.002656,0,1024,0,1,1,2
fused_vint_seed1,rep2,44,fused_split,fused_vision_conv,hta,0.4239999999999924,0.000572,0.00073,0,1536,0,1,1,4
fused_vint_seed1,rep2,45,mlp_control,mlp_control_full,cpu,0.060000000000002274,0.000625,0.000729,0,16,0,1,1,7
fused_vint_seed1,rep2,46,fused_split,fused_tail,cpu,0.8799999999999955,0.002239,0.000886,0,8,0,3,1,10
fused_vint_seed1,rep2,47,mlp_control,mlp_control_full,cpu,0.054000000000002046,0.000521,0.000729,0,16,0,1,1,7
fused_vint_seed1,rep2,48,vint,vint_decoder,cpu,31.994,0.001615,0.001563,0,4,0,2,1,66
fused_vint_seed1,rep2,49,fused_split,fused_depth_conv,dsp,0.4380000000000024,0.001927,0.001979,0,1024,0,1,1,2
fused_vint_seed1,rep2,50,fused_split,fused_vision_conv,hta,3.0940000000000083,0.000781,0.001562,0,1536,0,1,1,4
fused_vint_seed1,rep2,51,mlp_control,mlp_control_full,dsp,0.597999999999999,0.001771,0.002083,0,4,0,1,1,7
fused_vint_seed1,rep2,52,yolov8n_e,yolov8n_backbone,hta,20.49300000000001,0.001458,0.078331,0,716800,0,1,3,103
fused_vint_seed1,rep2,53,fused_split,fused_tail,dsp,4.189999999999998,0.003073,0.002656,2560,2,2,3,1,10
fused_vint_seed1,rep2,54,mlp_control,mlp_control_full,dsp,0.5379999999999967,0.002813,0.00125,0,4,0,1,1,7
fused_vint_seed1,rep2,55,yolov8n_d,yolov8n_head,dsp,18.260999999999996,0.001771,0.319677,0,705600,0,3,1,146
fused_vint_seed1,rep2,56,yolov8n_e,yolov8n_head,dsp,16.152,0.002708,0.366707,0,705600,0,3,1,146
fused_vint_seed1,rep3,0,fused_split,fused_depth_conv,hta,0.7959999999999999,0.000625,0.00125,0,1024,0,1,1,2
fused_vint_seed1,rep3,1,mlp_control,mlp_control_full,cpu,0.07800000000000001,0.000677,0.001458,0,16,0,1,1,7
fused_vint_seed1,rep3,2,fused_split,fused_vision_conv,dsp,1.051,0.000938,0.001979,0,1536,0,1,1,4
fused_vint_seed1,rep3,3,vint,vint_encoders,dsp,15.306999999999999,0.001093,0.003802,0,3584,0,2,2,539
fused_vint_seed1,rep3,4,yolov8n_a,yolov8n_backbone,hta,14.073,0.000625,0.361554,0,716800,0,1,3,103
fused_vint_seed1,rep3,5,mlp_control,mlp_control_full,cpu,0.12699999999999978,0.001406,0.002656,0,16,0,1,1,7
fused_vint_seed1,rep3,6,fused_split,fused_tail,cpu,1.7170000000000005,0.003541,0.003437,0,8,0,3,1,10
fused_vint_seed1,rep3,7,fused_split,fused_depth_conv,cpu,0.06700000000000017,0.000729,0.001719,0,1024,0,1,1,2
fused_vint_seed1,rep3,8,mlp_control,mlp_control_full,cpu,0.0990000000000002,0.00125,0.000989,0,16,0,1,1,7
fused_vint_seed1,rep3,9,mlp_control,mlp_control_full,dsp,0.7690000000000019,0.000886,0.00224,0,4,0,1,1,7
fused_vint_seed1,rep3,10,fused_split,fused_vision_conv,dsp,0.6750000000000007,0.001511,0.001563,0,1536,0,1,1,4
fused_vint_seed1,rep3,11,fused_split,fused_tail,cpu,0.7220000000000013,0.002135,0.000677,0,8,0,3,1,10
fused_vint_seed1,rep3,12,fused_split,fused_vision_conv,dsp,0.3810000000000002,0.000677,0.001094,0,1536,0,1,1,4
fused_vint_seed1,rep3,13,mlp_control,mlp_control_full,cpu,0.05799999999999983,0.000729,0.000782,0,16,0,1,1,7
fused_vint_seed1,rep3,14,fused_split,fused_depth_conv,hta,0.8470000000000013,0.00073,0.001093,0,1024,0,1,1,2
fused_vint_seed1,rep3,15,yolov8n_a,yolov8n_head,dsp,17.396,0.001615,0.093852,0,705600,0,3,1,146
fused_vint_seed1,rep3,16,yolov8n_b,yolov8n_backbone,hta,15.371999999999996,0.000469,0.069946,0,716800,0,1,3,103
fused_vint_seed1,rep3,17,fused_split,fused_tail,cpu,1.2749999999999986,0.004583,0.002344,0,8,0,3,1,10
fused_vint_seed1,rep3,18,mlp_control,mlp_control_full,cpu,0.12100000000000222,0.002135,0.001355,0,16,0,1,1,7
fused_vint_seed1,rep3,19,fused_split,fused_depth_conv,cpu,0.06899999999999906,0.001041,0.001718,0,1024,0,1,1,2
fused_vint_seed1,rep3,20,mlp_control,mlp_control_full,cpu,0.05999999999999517,0.001145,0.001094,0,16,0,1,1,7
fused_vint_seed1,rep3,21,yolov8n_c,yolov8n_backbone,hta,12.658000000000001,0.001042,0.138902,0,716800,0,1,3,103
fused_vint_seed1,rep3,22,fused_split,fused_vision_conv,dsp,1.6019999999999968,0.001042,0.001979,0,1536,0,1,1,4
fused_vint_seed1,rep3,23,fused_split,fused_tail,cpu,1.5769999999999982,0.00276,0.002292,0,8,0,3,1,10
fused_vint_seed1,rep3,24,mlp_control,mlp_control_full,cpu,0.09199999999999875,0.001614,0.001875,0,16,0,1,1,7
fused_vint_seed1,rep3,25,mlp_control,mlp_control_full,cpu,0.06800000000000495,0.000938,0.00099,0,16,0,1,1,7
fused_vint_seed1,rep3,26,fused_split,fused_vision_conv,dsp,2.3829999999999956,0.001042,0.001666,0,1536,0,1,1,4
fused_vint_seed1,rep3,27,fused_split,fused_depth_conv,dsp,0.5829999999999984,0.00151,0.003021,0,1024,0,1,1,2
fused_vint_seed1,rep3,28,mlp_control,mlp_control_full,dsp,0.4759999999999991,0.001041,0.00151,0,4,0,1,1,7
fused_vint_seed1,rep3,29,fused_split,fused_tail,cpu,0.732999999999997,0.002188,0.000729,0,8,0,3,1,10
fused_vint_seed1,rep3,30,yolov8n_b,yolov8n_head,dsp,17.637,0.002605,0.402229,0,705600,0,3,1,146
fused_vint_seed1,rep3,31,fused_split,fused_vision_conv,hta,1.1460000000000008,0.000729,0.002552,0,1536,0,1,1,4
fused_vint_seed1,rep3,32,yolov8n_d,yolov8n_backbone,hta,15.515000000000008,0.000834,0.07729,0,716800,0,1,3,103
fused_vint_seed1,rep3,33,fused_split,fused_depth_conv,cpu,0.24399999999999977,0.001458,0.001146,0,1024,0,1,1,2
fused_vint_seed1,rep3,34,mlp_control,mlp_control_full,cpu,0.07399999999999807,0.000989,0.000833,0,16,0,1,1,7
fused_vint_seed1,rep3,35,fused_split,fused_tail,cpu,1.4650000000000034,0.005416,0.001302,0,8,0,3,1,10
fused_vint_seed1,rep3,36,mlp_control,mlp_control_full,cpu,0.09599999999999653,0.00151,0.002188,0,16,0,1,1,7
fused_vint_seed1,rep3,37,mlp_control,mlp_control_full,dsp,0.7459999999999951,0.001354,0.001302,0,4,0,1,1,7
fused_vint_seed1,rep3,38,fused_split,fused_depth_conv,dsp,0.6039999999999992,0.045624,0.002813,0,1024,0,1,1,2
fused_vint_seed1,rep3,39,yolov8n_c,yolov8n_head,dsp,18.305999999999997,0.002291,0.614046,0,705600,0,3,1,146
fused_vint_seed1,rep3,40,fused_split,fused_vision_conv,hta,1.0060000000000002,0.000833,0.001406,0,1536,0,1,1,4
fused_vint_seed1,rep3,41,fused_split,fused_tail,cpu,0.894999999999996,0.002656,0.001042,0,8,0,3,1,10
fused_vint_seed1,rep3,42,mlp_control,mlp_control_full,cpu,0.0689999999999884,0.001302,0.001354,0,16,0,1,1,7
fused_vint_seed1,rep3,43,fused_split,fused_depth_conv,hta,0.6420000000000101,0.000781,0.001459,0,1024,0,1,1,2
fused_vint_seed1,rep3,44,fused_split,fused_vision_conv,hta,0.9620000000000033,0.000364,0.00125,0,1536,0,1,1,4
fused_vint_seed1,rep3,45,mlp_control,mlp_control_full,cpu,0.06900000000000261,0.00125,0.001146,0,16,0,1,1,7
fused_vint_seed1,rep3,46,fused_split,fused_tail,cpu,0.972999999999999,0.002188,0.001146,0,8,0,3,1,10
fused_vint_seed1,rep3,47,mlp_control,mlp_control_full,cpu,0.04800000000000182,0.000625,0.000886,0,16,0,1,1,7
fused_vint_seed1,rep3,48,vint,vint_decoder,cpu,27.345,0.001406,0.002031,0,4,0,2,1,66
fused_vint_seed1,rep3,49,fused_split,fused_depth_conv,dsp,0.4029999999999916,0.00224,0.002552,0,1024,0,1,1,2
fused_vint_seed1,rep3,50,fused_split,fused_vision_conv,hta,4.349999999999994,0.001146,0.003854,0,1536,0,1,1,4
fused_vint_seed1,rep3,51,mlp_control,mlp_control_full,dsp,0.5510000000000019,0.001875,0.001562,0,4,0,1,1,7
fused_vint_seed1,rep3,52,yolov8n_e,yolov8n_backbone,hta,14.510999999999996,0.393323,0.422021,0,716800,0,1,3,103
fused_vint_seed1,rep3,53,fused_split,fused_tail,dsp,3.2349999999999994,0.003593,0.005468,2560,2,2,3,1,10
fused_vint_seed1,rep3,54,mlp_control,mlp_control_full,dsp,0.5989999999999895,0.003333,0.002812,0,4,0,1,1,7
fused_vint_seed1,rep3,55,yolov8n_d,yolov8n_head,dsp,17.36500000000001,0.002761,0.338689,0,705600,0,3,1,146
fused_vint_seed1,rep3,56,yolov8n_e,yolov8n_head,dsp,16.057000000000002,0.003698,0.326345,0,705600,0,3,1,146
