strategy,trajectory,epoch,offered_burst,candidate_id,output_valid_rate,valid_count,total_consumer_invocations,freshness_success_rate,deadline_success_rate,max_input_age,soft_completed,soft_offered,makespan_ms,switched,selector_reason
static_cand_c1_defer12,ramp,0,0,cand_c1_defer12,0.9333333333333333,28,30,0.9333333333333333,1.0,60.54607400000002,0,0,290.5460739999999,False,
static_cand_c1_defer12,ramp,1,1,cand_c1_defer12,0.9,27,30,0.9,1.0,90.54607400000002,1,1,290.5460739999999,False,
static_cand_c1_defer12,ramp,2,2,cand_c1_defer12,0.8666666666666667,26,30,0.8666666666666667,1.0,90.54607400000002,2,2,290.5460739999999,False,
static_cand_c1_defer12,ramp,3,3,cand_c1_defer12,0.8333333333333334,25,30,0.8333333333333334,1.0,90.54607400000002,3,3,297.1746829999999,False,
static_cand_c1_defer12,ramp,4,4,cand_c1_defer12,0.16129032258064516,10,62,0.16129032258064516,1.0,410.54607399999986,3,4,805.932380999998,False,
static_cand_c1_defer12,ramp,5,4,cand_c1_defer12,0.16129032258064516,10,62,0.16129032258064516,1.0,410.54607399999986,3,4,805.932380999998,False,
static_cand_c1_defer12,ramp,6,3,cand_c1_defer12,0.8333333333333334,25,30,0.8333333333333334,1.0,90.54607400000002,3,3,297.1746829999999,False,
static_cand_c1_defer12,ramp,7,2,cand_c1_defer12,0.8666666666666667,26,30,0.8666666666666667,1.0,90.54607400000002,2,2,290.5460739999999,False,
static_cand_c1_defer12,ramp,8,1,cand_c1_defer12,0.9,27,30,0.9,1.0,90.54607400000002,1,1,290.5460739999999,False,
static_cand_c1_defer12,ramp,9,0,cand_c1_defer12,0.9333333333333333,28,30,0.9333333333333333,1.0,60.54607400000002,0,0,290.5460739999999,False,
static_cand_c2_defer12_admit2,ramp,0,0,cand_c2_defer12_admit2,0.9333333333333333,28,30,0.9333333333333333,1.0,60.54607400000002,0,0,290.5460739999999,False,
static_cand_c2_defer12_admit2,ramp,1,1,cand_c2_defer12_admit2,0.9,27,30,0.9,1.0,90.54607400000002,1,1,290.5460739999999,False,
static_cand_c2_defer12_admit2,ramp,2,2,cand_c2_defer12_admit2,0.8666666666666667,26,30,0.8666666666666667,1.0,90.54607400000002,2,2,290.5460739999999,False,
static_cand_c2_defer12_admit2,ramp,3,3,cand_c2_defer12_admit2,0.8666666666666667,26,30,0.8666666666666667,1.0,90.54607400000002,2,3,290.5460739999999,False,
static_cand_c2_defer12_admit2,ramp,4,4,cand_c2_defer12_admit2,0.8666666666666667,26,30,0.8666666666666667,1.0,90.54607400000002,2,4,290.5460739999999,False,
static_cand_c2_defer12_admit2,ramp,5,4,cand_c2_defer12_admit2,0.8666666666666667,26,30,0.8666666666666667,1.0,90.54607400000002,2,4,290.5460739999999,False,
static_cand_c2_defer12_admit2,ramp,6,3,cand_c2_defer12_admit2,0.8666666666666667,26,30,0.8666666666666667,1.0,90.54607400000002,2,3,290.5460739999999,False,
static_cand_c2_defer12_admit2,ramp,7,2,cand_c2_defer12_admit2,0.8666666666666667,26,30,0.8666666666666667,1.0,90.54607400000002,2,2,290.5460739999999,False,
static_cand_c2_defer12_admit2,ramp,8,1,cand_c2_defer12_admit2,0.9,27,30,0.9,1.0,90.54607400000002,1,1,290.5460739999999,False,
static_cand_c2_defer12_admit2,ramp,9,0,cand_c2_defer12_admit2,0.9333333333333333,28,30,0.9333333333333333,1.0,60.54607400000002,0,0,290.5460739999999,False,
static_cand_c2_defer12_admit1,ramp,0,0,cand_c2_defer12_admit1,0.9333333333333333,28,30,0.9333333333333333,1.0,60.54607400000002,0,0,290.5460739999999,False,
static_cand_c2_defer12_admit1,ramp,1,1,cand_c2_defer12_admit1,0.9,27,30,0.9,1.0,90.54607400000002,1,1,290.5460739999999,False,
static_cand_c2_defer12_admit1,ramp,2,2,cand_c2_defer12_admit1,0.9,27,30,0.9,1.0,90.54607400000002,1,2,290.5460739999999,False,
static_cand_c2_defer12_admit1,ramp,3,3,cand_c2_defer12_admit1,0.9,27,30,0.9,1.0,90.54607400000002,1,3,290.5460739999999,False,
static_cand_c2_defer12_admit1,ramp,4,4,cand_c2_defer12_admit1,0.9,27,30,0.9,1.0,90.54607400000002,1,4,290.5460739999999,False,
static_cand_c2_defer12_admit1,ramp,5,4,cand_c2_defer12_admit1,0.9,27,30,0.9,1.0,90.54607400000002,1,4,290.5460739999999,False,
static_cand_c2_defer12_admit1,ramp,6,3,cand_c2_defer12_admit1,0.9,27,30,0.9,1.0,90.54607400000002,1,3,290.5460739999999,False,
static_cand_c2_defer12_admit1,ramp,7,2,cand_c2_defer12_admit1,0.9,27,30,0.9,1.0,90.54607400000002,1,2,290.5460739999999,False,
static_cand_c2_defer12_admit1,ramp,8,1,cand_c2_defer12_admit1,0.9,27,30,0.9,1.0,90.54607400000002,1,1,290.5460739999999,False,
static_cand_c2_defer12_admit1,ramp,9,0,cand_c2_defer12_admit1,0.9333333333333333,28,30,0.9333333333333333,1.0,60.54607400000002,0,0,290.5460739999999,False,
adaptive,ramp,0,0,cand_c1_defer12,0.9333333333333333,28,30,0.9333333333333333,1.0,60.54607400000002,0,0,290.5460739999999,False,bootstrap_no_observation
adaptive,ramp,1,1,cand_c1_defer12,0.9,27,30,0.9,1.0,90.54607400000002,1,1,290.5460739999999,False,held_no_trigger
adaptive,ramp,2,2,cand_c2_defer12_admit1,0.9,27,30,0.9,1.0,90.54607400000002,1,2,290.5460739999999,True,escalated
adaptive,ramp,3,3,cand_c2_defer12_admit1,0.9,27,30,0.9,1.0,90.54607400000002,1,3,290.5460739999999,False,held_at_max_protection
adaptive,ramp,4,4,cand_c2_defer12_admit1,0.9,27,30,0.9,1.0,90.54607400000002,1,4,290.5460739999999,False,held_at_max_protection
adaptive,ramp,5,4,cand_c2_defer12_admit1,0.9,27,30,0.9,1.0,90.54607400000002,1,4,290.5460739999999,False,held_at_max_protection
adaptive,ramp,6,3,cand_c2_defer12_admit1,0.9,27,30,0.9,1.0,90.54607400000002,1,3,290.5460739999999,False,held_at_max_protection
adaptive,ramp,7,2,cand_c2_defer12_admit1,0.9,27,30,0.9,1.0,90.54607400000002,1,2,290.5460739999999,False,held_at_max_protection
adaptive,ramp,8,1,cand_c2_defer12_admit1,0.9,27,30,0.9,1.0,90.54607400000002,1,1,290.5460739999999,False,held_at_max_protection
adaptive,ramp,9,0,cand_c2_defer12_admit1,0.9333333333333333,28,30,0.9333333333333333,1.0,60.54607400000002,0,0,290.5460739999999,False,held_at_max_protection
oracle_contention_aware,ramp,0,0,cand_c1_defer12,0.9333333333333333,28,30,0.9333333333333333,1.0,60.54607400000002,0,0,290.5460739999999,False,oracle_full_knowledge
oracle_contention_aware,ramp,1,1,cand_c1_defer12,0.9,27,30,0.9,1.0,90.54607400000002,1,1,290.5460739999999,False,oracle_full_knowledge
oracle_contention_aware,ramp,2,2,cand_c2_defer12_admit1,0.9,27,30,0.9,1.0,90.54607400000002,1,2,290.5460739999999,True,oracle_full_knowledge
oracle_contention_aware,ramp,3,3,cand_c2_defer12_admit1,0.9,27,30,0.9,1.0,90.54607400000002,1,3,290.5460739999999,False,oracle_full_knowledge
oracle_contention_aware,ramp,4,4,cand_c2_defer12_admit1,0.9,27,30,0.9,1.0,90.54607400000002,1,4,290.5460739999999,False,oracle_full_knowledge
oracle_contention_aware,ramp,5,4,cand_c2_defer12_admit1,0.9,27,30,0.9,1.0,90.54607400000002,1,4,290.5460739999999,False,oracle_full_knowledge
oracle_contention_aware,ramp,6,3,cand_c2_defer12_admit1,0.9,27,30,0.9,1.0,90.54607400000002,1,3,290.5460739999999,False,oracle_full_knowledge
oracle_contention_aware,ramp,7,2,cand_c2_defer12_admit1,0.9,27,30,0.9,1.0,90.54607400000002,1,2,290.5460739999999,False,oracle_full_knowledge
oracle_contention_aware,ramp,8,1,cand_c1_defer12,0.9,27,30,0.9,1.0,90.54607400000002,1,1,290.5460739999999,True,oracle_full_knowledge
oracle_contention_aware,ramp,9,0,cand_c1_defer12,0.9333333333333333,28,30,0.9333333333333333,1.0,60.54607400000002,0,0,290.5460739999999,False,oracle_full_knowledge
static_cand_c1_defer12,step,0,0,cand_c1_defer12,0.9333333333333333,28,30,0.9333333333333333,1.0,60.54607400000002,0,0,290.5460739999999,False,
static_cand_c1_defer12,step,1,0,cand_c1_defer12,0.9333333333333333,28,30,0.9333333333333333,1.0,60.54607400000002,0,0,290.5460739999999,False,
static_cand_c1_defer12,step,2,4,cand_c1_defer12,0.16129032258064516,10,62,0.16129032258064516,1.0,410.54607399999986,3,4,805.932380999998,False,
static_cand_c1_defer12,step,3,4,cand_c1_defer12,0.16129032258064516,10,62,0.16129032258064516,1.0,410.54607399999986,3,4,805.932380999998,False,
static_cand_c1_defer12,step,4,4,cand_c1_defer12,0.16129032258064516,10,62,0.16129032258064516,1.0,410.54607399999986,3,4,805.932380999998,False,
static_cand_c1_defer12,step,5,4,cand_c1_defer12,0.16129032258064516,10,62,0.16129032258064516,1.0,410.54607399999986,3,4,805.932380999998,False,
static_cand_c1_defer12,step,6,0,cand_c1_defer12,0.9333333333333333,28,30,0.9333333333333333,1.0,60.54607400000002,0,0,290.5460739999999,False,
static_cand_c1_defer12,step,7,0,cand_c1_defer12,0.9333333333333333,28,30,0.9333333333333333,1.0,60.54607400000002,0,0,290.5460739999999,False,
static_cand_c1_defer12,step,8,0,cand_c1_defer12,0.9333333333333333,28,30,0.9333333333333333,1.0,60.54607400000002,0,0,290.5460739999999,False,
static_cand_c1_defer12,step,9,0,cand_c1_defer12,0.9333333333333333,28,30,0.9333333333333333,1.0,60.54607400000002,0,0,290.5460739999999,False,
static_cand_c2_defer12_admit2,step,0,0,cand_c2_defer12_admit2,0.9333333333333333,28,30,0.9333333333333333,1.0,60.54607400000002,0,0,290.5460739999999,False,
static_cand_c2_defer12_admit2,step,1,0,cand_c2_defer12_admit2,0.9333333333333333,28,30,0.9333333333333333,1.0,60.54607400000002,0,0,290.5460739999999,False,
static_cand_c2_defer12_admit2,step,2,4,cand_c2_defer12_admit2,0.8666666666666667,26,30,0.8666666666666667,1.0,90.54607400000002,2,4,290.5460739999999,False,
static_cand_c2_defer12_admit2,step,3,4,cand_c2_defer12_admit2,0.8666666666666667,26,30,0.8666666666666667,1.0,90.54607400000002,2,4,290.5460739999999,False,
static_cand_c2_defer12_admit2,step,4,4,cand_c2_defer12_admit2,0.8666666666666667,26,30,0.8666666666666667,1.0,90.54607400000002,2,4,290.5460739999999,False,
static_cand_c2_defer12_admit2,step,5,4,cand_c2_defer12_admit2,0.8666666666666667,26,30,0.8666666666666667,1.0,90.54607400000002,2,4,290.5460739999999,False,
static_cand_c2_defer12_admit2,step,6,0,cand_c2_defer12_admit2,0.9333333333333333,28,30,0.9333333333333333,1.0,60.54607400000002,0,0,290.5460739999999,False,
static_cand_c2_defer12_admit2,step,7,0,cand_c2_defer12_admit2,0.9333333333333333,28,30,0.9333333333333333,1.0,60.54607400000002,0,0,290.5460739999999,False,
static_cand_c2_defer12_admit2,step,8,0,cand_c2_defer12_admit2,0.9333333333333333,28,30,0.9333333333333333,1.0,60.54607400000002,0,0,290.5460739999999,False,
static_cand_c2_defer12_admit2,step,9,0,cand_c2_defer12_admit2,0.9333333333333333,28,30,0.9333333333333333,1.0,60.54607400000002,0,0,290.5460739999999,False,
static_cand_c2_defer12_admit1,step,0,0,cand_c2_defer12_admit1,0.9333333333333333,28,30,0.9333333333333333,1.0,60.54607400000002,0,0,290.5460739999999,False,
static_cand_c2_defer12_admit1,step,1,0,cand_c2_defer12_admit1,0.9333333333333333,28,30,0.9333333333333333,1.0,60.54607400000002,0,0,290.5460739999999,False,
static_cand_c2_defer12_admit1,step,2,4,cand_c2_defer12_admit1,0.9,27,30,0.9,1.0,90.54607400000002,1,4,290.5460739999999,False,
static_cand_c2_defer12_admit1,step,3,4,cand_c2_defer12_admit1,0.9,27,30,0.9,1.0,90.54607400000002,1,4,290.5460739999999,False,
static_cand_c2_defer12_admit1,step,4,4,cand_c2_defer12_admit1,0.9,27,30,0.9,1.0,90.54607400000002,1,4,290.5460739999999,False,
static_cand_c2_defer12_admit1,step,5,4,cand_c2_defer12_admit1,0.9,27,30,0.9,1.0,90.54607400000002,1,4,290.5460739999999,False,
static_cand_c2_defer12_admit1,step,6,0,cand_c2_defer12_admit1,0.9333333333333333,28,30,0.9333333333333333,1.0,60.54607400000002,0,0,290.5460739999999,False,
static_cand_c2_defer12_admit1,step,7,0,cand_c2_defer12_admit1,0.9333333333333333,28,30,0.9333333333333333,1.0,60.54607400000002,0,0,290.5460739999999,False,
static_cand_c2_defer12_admit1,step,8,0,cand_c2_defer12_admit1,0.9333333333333333,28,30,0.9333333333333333,1.0,60.54607400000002,0,0,290.5460739999999,False,
static_cand_c2_defer12_admit1,step,9,0,cand_c2_defer12_admit1,0.9333333333333333,28,30,0.9333333333333333,1.0,60.54607400000002,0,0,290.5460739999999,False,
adaptive,step,0,0,cand_c1_defer12,0.9333333333333333,28,30,0.9333333333333333,1.0,60.54607400000002,0,0,290.5460739999999,False,bootstrap_no_observation
adaptive,step,1,0,cand_c1_defer12,0.9333333333333333,28,30,0.9333333333333333,1.0,60.54607400000002,0,0,290.5460739999999,False,held_no_trigger
adaptive,step,2,4,cand_c1_defer12,0.16129032258064516,10,62,0.16129032258064516,1.0,410.54607399999986,3,4,805.932380999998,False,held_no_trigger
adaptive,step,3,4,cand_c2_defer12_admit1,0.9,27,30,0.9,1.0,90.54607400000002,1,4,290.5460739999999,True,escalated
adaptive,step,4,4,cand_c2_defer12_admit1,0.9,27,30,0.9,1.0,90.54607400000002,1,4,290.5460739999999,False,held_at_max_protection
adaptive,step,5,4,cand_c2_defer12_admit1,0.9,27,30,0.9,1.0,90.54607400000002,1,4,290.5460739999999,False,held_at_max_protection
adaptive,step,6,0,cand_c2_defer12_admit1,0.9333333333333333,28,30,0.9333333333333333,1.0,60.54607400000002,0,0,290.5460739999999,False,held_at_max_protection
adaptive,step,7,0,cand_c2_defer12_admit2,0.9333333333333333,28,30,0.9333333333333333,1.0,60.54607400000002,0,0,290.5460739999999,True,deescalated
adaptive,step,8,0,cand_c2_defer12_admit2,0.9333333333333333,28,30,0.9333333333333333,1.0,60.54607400000002,0,0,290.5460739999999,False,held_hysteresis
adaptive,step,9,0,cand_c2_defer12_admit2,0.9333333333333333,28,30,0.9333333333333333,1.0,60.54607400000002,0,0,290.5460739999999,False,held_hysteresis
oracle_contention_aware,step,0,0,cand_c1_defer12,0.9333333333333333,28,30,0.9333333333333333,1.0,60.54607400000002,0,0,290.5460739999999,False,oracle_full_knowledge
oracle_contention_aware,step,1,0,cand_c1_defer12,0.9333333333333333,28,30,0.9333333333333333,1.0,60.54607400000002,0,0,290.5460739999999,False,oracle_full_knowledge
oracle_contention_aware,step,2,4,cand_c2_defer12_admit1,0.9,27,30,0.9,1.0,90.54607400000002,1,4,290.5460739999999,True,oracle_full_knowledge
oracle_contention_aware,step,3,4,cand_c2_defer12_admit1,0.9,27,30,0.9,1.0,90.54607400000002,1,4,290.5460739999999,False,oracle_full_knowledge
oracle_contention_aware,step,4,4,cand_c2_defer12_admit1,0.9,27,30,0.9,1.0,90.54607400000002,1,4,290.5460739999999,False,oracle_full_knowledge
oracle_contention_aware,step,5,4,cand_c2_defer12_admit1,0.9,27,30,0.9,1.0,90.54607400000002,1,4,290.5460739999999,False,oracle_full_knowledge
oracle_contention_aware,step,6,0,cand_c1_defer12,0.9333333333333333,28,30,0.9333333333333333,1.0,60.54607400000002,0,0,290.5460739999999,True,oracle_full_knowledge
oracle_contention_aware,step,7,0,cand_c1_defer12,0.9333333333333333,28,30,0.9333333333333333,1.0,60.54607400000002,0,0,290.5460739999999,False,oracle_full_knowledge
oracle_contention_aware,step,8,0,cand_c1_defer12,0.9333333333333333,28,30,0.9333333333333333,1.0,60.54607400000002,0,0,290.5460739999999,False,oracle_full_knowledge
oracle_contention_aware,step,9,0,cand_c1_defer12,0.9333333333333333,28,30,0.9333333333333333,1.0,60.54607400000002,0,0,290.5460739999999,False,oracle_full_knowledge
static_cand_c1_defer12,oscillate,0,0,cand_c1_defer12,0.9333333333333333,28,30,0.9333333333333333,1.0,60.54607400000002,0,0,290.5460739999999,False,
static_cand_c1_defer12,oscillate,1,4,cand_c1_defer12,0.16129032258064516,10,62,0.16129032258064516,1.0,410.54607399999986,3,4,805.932380999998,False,
static_cand_c1_defer12,oscillate,2,0,cand_c1_defer12,0.9333333333333333,28,30,0.9333333333333333,1.0,60.54607400000002,0,0,290.5460739999999,False,
static_cand_c1_defer12,oscillate,3,4,cand_c1_defer12,0.16129032258064516,10,62,0.16129032258064516,1.0,410.54607399999986,3,4,805.932380999998,False,
static_cand_c1_defer12,oscillate,4,0,cand_c1_defer12,0.9333333333333333,28,30,0.9333333333333333,1.0,60.54607400000002,0,0,290.5460739999999,False,
static_cand_c1_defer12,oscillate,5,4,cand_c1_defer12,0.16129032258064516,10,62,0.16129032258064516,1.0,410.54607399999986,3,4,805.932380999998,False,
static_cand_c1_defer12,oscillate,6,0,cand_c1_defer12,0.9333333333333333,28,30,0.9333333333333333,1.0,60.54607400000002,0,0,290.5460739999999,False,
static_cand_c1_defer12,oscillate,7,4,cand_c1_defer12,0.16129032258064516,10,62,0.16129032258064516,1.0,410.54607399999986,3,4,805.932380999998,False,
static_cand_c1_defer12,oscillate,8,0,cand_c1_defer12,0.9333333333333333,28,30,0.9333333333333333,1.0,60.54607400000002,0,0,290.5460739999999,False,
static_cand_c1_defer12,oscillate,9,4,cand_c1_defer12,0.16129032258064516,10,62,0.16129032258064516,1.0,410.54607399999986,3,4,805.932380999998,False,
static_cand_c2_defer12_admit2,oscillate,0,0,cand_c2_defer12_admit2,0.9333333333333333,28,30,0.9333333333333333,1.0,60.54607400000002,0,0,290.5460739999999,False,
static_cand_c2_defer12_admit2,oscillate,1,4,cand_c2_defer12_admit2,0.8666666666666667,26,30,0.8666666666666667,1.0,90.54607400000002,2,4,290.5460739999999,False,
static_cand_c2_defer12_admit2,oscillate,2,0,cand_c2_defer12_admit2,0.9333333333333333,28,30,0.9333333333333333,1.0,60.54607400000002,0,0,290.5460739999999,False,
static_cand_c2_defer12_admit2,oscillate,3,4,cand_c2_defer12_admit2,0.8666666666666667,26,30,0.8666666666666667,1.0,90.54607400000002,2,4,290.5460739999999,False,
static_cand_c2_defer12_admit2,oscillate,4,0,cand_c2_defer12_admit2,0.9333333333333333,28,30,0.9333333333333333,1.0,60.54607400000002,0,0,290.5460739999999,False,
static_cand_c2_defer12_admit2,oscillate,5,4,cand_c2_defer12_admit2,0.8666666666666667,26,30,0.8666666666666667,1.0,90.54607400000002,2,4,290.5460739999999,False,
static_cand_c2_defer12_admit2,oscillate,6,0,cand_c2_defer12_admit2,0.9333333333333333,28,30,0.9333333333333333,1.0,60.54607400000002,0,0,290.5460739999999,False,
static_cand_c2_defer12_admit2,oscillate,7,4,cand_c2_defer12_admit2,0.8666666666666667,26,30,0.8666666666666667,1.0,90.54607400000002,2,4,290.5460739999999,False,
static_cand_c2_defer12_admit2,oscillate,8,0,cand_c2_defer12_admit2,0.9333333333333333,28,30,0.9333333333333333,1.0,60.54607400000002,0,0,290.5460739999999,False,
static_cand_c2_defer12_admit2,oscillate,9,4,cand_c2_defer12_admit2,0.8666666666666667,26,30,0.8666666666666667,1.0,90.54607400000002,2,4,290.5460739999999,False,
static_cand_c2_defer12_admit1,oscillate,0,0,cand_c2_defer12_admit1,0.9333333333333333,28,30,0.9333333333333333,1.0,60.54607400000002,0,0,290.5460739999999,False,
static_cand_c2_defer12_admit1,oscillate,1,4,cand_c2_defer12_admit1,0.9,27,30,0.9,1.0,90.54607400000002,1,4,290.5460739999999,False,
static_cand_c2_defer12_admit1,oscillate,2,0,cand_c2_defer12_admit1,0.9333333333333333,28,30,0.9333333333333333,1.0,60.54607400000002,0,0,290.5460739999999,False,
static_cand_c2_defer12_admit1,oscillate,3,4,cand_c2_defer12_admit1,0.9,27,30,0.9,1.0,90.54607400000002,1,4,290.5460739999999,False,
static_cand_c2_defer12_admit1,oscillate,4,0,cand_c2_defer12_admit1,0.9333333333333333,28,30,0.9333333333333333,1.0,60.54607400000002,0,0,290.5460739999999,False,
static_cand_c2_defer12_admit1,oscillate,5,4,cand_c2_defer12_admit1,0.9,27,30,0.9,1.0,90.54607400000002,1,4,290.5460739999999,False,
static_cand_c2_defer12_admit1,oscillate,6,0,cand_c2_defer12_admit1,0.9333333333333333,28,30,0.9333333333333333,1.0,60.54607400000002,0,0,290.5460739999999,False,
static_cand_c2_defer12_admit1,oscillate,7,4,cand_c2_defer12_admit1,0.9,27,30,0.9,1.0,90.54607400000002,1,4,290.5460739999999,False,
static_cand_c2_defer12_admit1,oscillate,8,0,cand_c2_defer12_admit1,0.9333333333333333,28,30,0.9333333333333333,1.0,60.54607400000002,0,0,290.5460739999999,False,
static_cand_c2_defer12_admit1,oscillate,9,4,cand_c2_defer12_admit1,0.9,27,30,0.9,1.0,90.54607400000002,1,4,290.5460739999999,False,
adaptive,oscillate,0,0,cand_c1_defer12,0.9333333333333333,28,30,0.9333333333333333,1.0,60.54607400000002,0,0,290.5460739999999,False,bootstrap_no_observation
adaptive,oscillate,1,4,cand_c1_defer12,0.16129032258064516,10,62,0.16129032258064516,1.0,410.54607399999986,3,4,805.932380999998,False,held_no_trigger
adaptive,oscillate,2,0,cand_c2_defer12_admit1,0.9333333333333333,28,30,0.9333333333333333,1.0,60.54607400000002,0,0,290.5460739999999,True,escalated
adaptive,oscillate,3,4,cand_c2_defer12_admit1,0.9,27,30,0.9,1.0,90.54607400000002,1,4,290.5460739999999,False,held_min_residency
adaptive,oscillate,4,0,cand_c2_defer12_admit1,0.9333333333333333,28,30,0.9333333333333333,1.0,60.54607400000002,0,0,290.5460739999999,False,held_at_max_protection
adaptive,oscillate,5,4,cand_c2_defer12_admit2,0.8666666666666667,26,30,0.8666666666666667,1.0,90.54607400000002,2,4,290.5460739999999,True,deescalated
adaptive,oscillate,6,0,cand_c2_defer12_admit2,0.9333333333333333,28,30,0.9333333333333333,1.0,60.54607400000002,0,0,290.5460739999999,False,held_min_residency
adaptive,oscillate,7,4,cand_c2_defer12_admit2,0.8666666666666667,26,30,0.8666666666666667,1.0,90.54607400000002,2,4,290.5460739999999,False,held_hysteresis
adaptive,oscillate,8,0,cand_c2_defer12_admit1,0.9333333333333333,28,30,0.9333333333333333,1.0,60.54607400000002,0,0,290.5460739999999,True,escalated
adaptive,oscillate,9,4,cand_c2_defer12_admit1,0.9,27,30,0.9,1.0,90.54607400000002,1,4,290.5460739999999,False,held_min_residency
oracle_contention_aware,oscillate,0,0,cand_c1_defer12,0.9333333333333333,28,30,0.9333333333333333,1.0,60.54607400000002,0,0,290.5460739999999,False,oracle_full_knowledge
oracle_contention_aware,oscillate,1,4,cand_c2_defer12_admit1,0.9,27,30,0.9,1.0,90.54607400000002,1,4,290.5460739999999,True,oracle_full_knowledge
oracle_contention_aware,oscillate,2,0,cand_c1_defer12,0.9333333333333333,28,30,0.9333333333333333,1.0,60.54607400000002,0,0,290.5460739999999,True,oracle_full_knowledge
oracle_contention_aware,oscillate,3,4,cand_c2_defer12_admit1,0.9,27,30,0.9,1.0,90.54607400000002,1,4,290.5460739999999,True,oracle_full_knowledge
oracle_contention_aware,oscillate,4,0,cand_c1_defer12,0.9333333333333333,28,30,0.9333333333333333,1.0,60.54607400000002,0,0,290.5460739999999,True,oracle_full_knowledge
oracle_contention_aware,oscillate,5,4,cand_c2_defer12_admit1,0.9,27,30,0.9,1.0,90.54607400000002,1,4,290.5460739999999,True,oracle_full_knowledge
oracle_contention_aware,oscillate,6,0,cand_c1_defer12,0.9333333333333333,28,30,0.9333333333333333,1.0,60.54607400000002,0,0,290.5460739999999,True,oracle_full_knowledge
oracle_contention_aware,oscillate,7,4,cand_c2_defer12_admit1,0.9,27,30,0.9,1.0,90.54607400000002,1,4,290.5460739999999,True,oracle_full_knowledge
oracle_contention_aware,oscillate,8,0,cand_c1_defer12,0.9333333333333333,28,30,0.9333333333333333,1.0,60.54607400000002,0,0,290.5460739999999,True,oracle_full_knowledge
oracle_contention_aware,oscillate,9,4,cand_c2_defer12_admit1,0.9,27,30,0.9,1.0,90.54607400000002,1,4,290.5460739999999,True,oracle_full_knowledge
static_cand_c1_defer12,sustained,0,4,cand_c1_defer12,0.16129032258064516,10,62,0.16129032258064516,1.0,410.54607399999986,3,4,805.932380999998,False,
static_cand_c1_defer12,sustained,1,4,cand_c1_defer12,0.16129032258064516,10,62,0.16129032258064516,1.0,410.54607399999986,3,4,805.932380999998,False,
static_cand_c1_defer12,sustained,2,4,cand_c1_defer12,0.16129032258064516,10,62,0.16129032258064516,1.0,410.54607399999986,3,4,805.932380999998,False,
static_cand_c1_defer12,sustained,3,4,cand_c1_defer12,0.16129032258064516,10,62,0.16129032258064516,1.0,410.54607399999986,3,4,805.932380999998,False,
static_cand_c1_defer12,sustained,4,4,cand_c1_defer12,0.16129032258064516,10,62,0.16129032258064516,1.0,410.54607399999986,3,4,805.932380999998,False,
static_cand_c1_defer12,sustained,5,4,cand_c1_defer12,0.16129032258064516,10,62,0.16129032258064516,1.0,410.54607399999986,3,4,805.932380999998,False,
static_cand_c1_defer12,sustained,6,4,cand_c1_defer12,0.16129032258064516,10,62,0.16129032258064516,1.0,410.54607399999986,3,4,805.932380999998,False,
static_cand_c1_defer12,sustained,7,4,cand_c1_defer12,0.16129032258064516,10,62,0.16129032258064516,1.0,410.54607399999986,3,4,805.932380999998,False,
static_cand_c1_defer12,sustained,8,4,cand_c1_defer12,0.16129032258064516,10,62,0.16129032258064516,1.0,410.54607399999986,3,4,805.932380999998,False,
static_cand_c1_defer12,sustained,9,4,cand_c1_defer12,0.16129032258064516,10,62,0.16129032258064516,1.0,410.54607399999986,3,4,805.932380999998,False,
static_cand_c2_defer12_admit2,sustained,0,4,cand_c2_defer12_admit2,0.8666666666666667,26,30,0.8666666666666667,1.0,90.54607400000002,2,4,290.5460739999999,False,
static_cand_c2_defer12_admit2,sustained,1,4,cand_c2_defer12_admit2,0.8666666666666667,26,30,0.8666666666666667,1.0,90.54607400000002,2,4,290.5460739999999,False,
static_cand_c2_defer12_admit2,sustained,2,4,cand_c2_defer12_admit2,0.8666666666666667,26,30,0.8666666666666667,1.0,90.54607400000002,2,4,290.5460739999999,False,
static_cand_c2_defer12_admit2,sustained,3,4,cand_c2_defer12_admit2,0.8666666666666667,26,30,0.8666666666666667,1.0,90.54607400000002,2,4,290.5460739999999,False,
static_cand_c2_defer12_admit2,sustained,4,4,cand_c2_defer12_admit2,0.8666666666666667,26,30,0.8666666666666667,1.0,90.54607400000002,2,4,290.5460739999999,False,
static_cand_c2_defer12_admit2,sustained,5,4,cand_c2_defer12_admit2,0.8666666666666667,26,30,0.8666666666666667,1.0,90.54607400000002,2,4,290.5460739999999,False,
static_cand_c2_defer12_admit2,sustained,6,4,cand_c2_defer12_admit2,0.8666666666666667,26,30,0.8666666666666667,1.0,90.54607400000002,2,4,290.5460739999999,False,
static_cand_c2_defer12_admit2,sustained,7,4,cand_c2_defer12_admit2,0.8666666666666667,26,30,0.8666666666666667,1.0,90.54607400000002,2,4,290.5460739999999,False,
static_cand_c2_defer12_admit2,sustained,8,4,cand_c2_defer12_admit2,0.8666666666666667,26,30,0.8666666666666667,1.0,90.54607400000002,2,4,290.5460739999999,False,
static_cand_c2_defer12_admit2,sustained,9,4,cand_c2_defer12_admit2,0.8666666666666667,26,30,0.8666666666666667,1.0,90.54607400000002,2,4,290.5460739999999,False,
static_cand_c2_defer12_admit1,sustained,0,4,cand_c2_defer12_admit1,0.9,27,30,0.9,1.0,90.54607400000002,1,4,290.5460739999999,False,
static_cand_c2_defer12_admit1,sustained,1,4,cand_c2_defer12_admit1,0.9,27,30,0.9,1.0,90.54607400000002,1,4,290.5460739999999,False,
static_cand_c2_defer12_admit1,sustained,2,4,cand_c2_defer12_admit1,0.9,27,30,0.9,1.0,90.54607400000002,1,4,290.5460739999999,False,
static_cand_c2_defer12_admit1,sustained,3,4,cand_c2_defer12_admit1,0.9,27,30,0.9,1.0,90.54607400000002,1,4,290.5460739999999,False,
static_cand_c2_defer12_admit1,sustained,4,4,cand_c2_defer12_admit1,0.9,27,30,0.9,1.0,90.54607400000002,1,4,290.5460739999999,False,
static_cand_c2_defer12_admit1,sustained,5,4,cand_c2_defer12_admit1,0.9,27,30,0.9,1.0,90.54607400000002,1,4,290.5460739999999,False,
static_cand_c2_defer12_admit1,sustained,6,4,cand_c2_defer12_admit1,0.9,27,30,0.9,1.0,90.54607400000002,1,4,290.5460739999999,False,
static_cand_c2_defer12_admit1,sustained,7,4,cand_c2_defer12_admit1,0.9,27,30,0.9,1.0,90.54607400000002,1,4,290.5460739999999,False,
static_cand_c2_defer12_admit1,sustained,8,4,cand_c2_defer12_admit1,0.9,27,30,0.9,1.0,90.54607400000002,1,4,290.5460739999999,False,
static_cand_c2_defer12_admit1,sustained,9,4,cand_c2_defer12_admit1,0.9,27,30,0.9,1.0,90.54607400000002,1,4,290.5460739999999,False,
adaptive,sustained,0,4,cand_c1_defer12,0.16129032258064516,10,62,0.16129032258064516,1.0,410.54607399999986,3,4,805.932380999998,False,bootstrap_no_observation
adaptive,sustained,1,4,cand_c2_defer12_admit1,0.9,27,30,0.9,1.0,90.54607400000002,1,4,290.5460739999999,True,escalated
adaptive,sustained,2,4,cand_c2_defer12_admit1,0.9,27,30,0.9,1.0,90.54607400000002,1,4,290.5460739999999,False,held_at_max_protection
adaptive,sustained,3,4,cand_c2_defer12_admit1,0.9,27,30,0.9,1.0,90.54607400000002,1,4,290.5460739999999,False,held_at_max_protection
adaptive,sustained,4,4,cand_c2_defer12_admit1,0.9,27,30,0.9,1.0,90.54607400000002,1,4,290.5460739999999,False,held_at_max_protection
adaptive,sustained,5,4,cand_c2_defer12_admit1,0.9,27,30,0.9,1.0,90.54607400000002,1,4,290.5460739999999,False,held_at_max_protection
adaptive,sustained,6,4,cand_c2_defer12_admit1,0.9,27,30,0.9,1.0,90.54607400000002,1,4,290.5460739999999,False,held_at_max_protection
adaptive,sustained,7,4,cand_c2_defer12_admit1,0.9,27,30,0.9,1.0,90.54607400000002,1,4,290.5460739999999,False,held_at_max_protection
adaptive,sustained,8,4,cand_c2_defer12_admit1,0.9,27,30,0.9,1.0,90.54607400000002,1,4,290.5460739999999,False,held_at_max_protection
adaptive,sustained,9,4,cand_c2_defer12_admit1,0.9,27,30,0.9,1.0,90.54607400000002,1,4,290.5460739999999,False,held_at_max_protection
oracle_contention_aware,sustained,0,4,cand_c2_defer12_admit1,0.9,27,30,0.9,1.0,90.54607400000002,1,4,290.5460739999999,False,oracle_full_knowledge
oracle_contention_aware,sustained,1,4,cand_c2_defer12_admit1,0.9,27,30,0.9,1.0,90.54607400000002,1,4,290.5460739999999,False,oracle_full_knowledge
oracle_contention_aware,sustained,2,4,cand_c2_defer12_admit1,0.9,27,30,0.9,1.0,90.54607400000002,1,4,290.5460739999999,False,oracle_full_knowledge
oracle_contention_aware,sustained,3,4,cand_c2_defer12_admit1,0.9,27,30,0.9,1.0,90.54607400000002,1,4,290.5460739999999,False,oracle_full_knowledge
oracle_contention_aware,sustained,4,4,cand_c2_defer12_admit1,0.9,27,30,0.9,1.0,90.54607400000002,1,4,290.5460739999999,False,oracle_full_knowledge
oracle_contention_aware,sustained,5,4,cand_c2_defer12_admit1,0.9,27,30,0.9,1.0,90.54607400000002,1,4,290.5460739999999,False,oracle_full_knowledge
oracle_contention_aware,sustained,6,4,cand_c2_defer12_admit1,0.9,27,30,0.9,1.0,90.54607400000002,1,4,290.5460739999999,False,oracle_full_knowledge
oracle_contention_aware,sustained,7,4,cand_c2_defer12_admit1,0.9,27,30,0.9,1.0,90.54607400000002,1,4,290.5460739999999,False,oracle_full_knowledge
oracle_contention_aware,sustained,8,4,cand_c2_defer12_admit1,0.9,27,30,0.9,1.0,90.54607400000002,1,4,290.5460739999999,False,oracle_full_knowledge
oracle_contention_aware,sustained,9,4,cand_c2_defer12_admit1,0.9,27,30,0.9,1.0,90.54607400000002,1,4,290.5460739999999,False,oracle_full_knowledge
static_static_nominal,ramp,0,0,static_nominal,0.9333333333333333,28,30,0.9333333333333333,1.0,60.54607400000002,0,0,290.5460739999999,False,
static_static_nominal,ramp,1,1,static_nominal,0.6333333333333333,19,30,0.6333333333333333,1.0,100.54607400000002,1,1,290.5460739999999,False,
static_static_nominal,ramp,2,2,static_nominal,0.4,12,30,0.4,1.0,130.546074,2,2,290.5460739999999,False,
static_static_nominal,ramp,3,3,static_nominal,0.21951219512195122,9,41,0.21951219512195122,1.0,130.546074,3,3,483.2069959999998,False,
static_static_nominal,ramp,4,4,static_nominal,0.0,0,64,0.0,1.0,500.54607399999986,4,4,815.1923419999976,False,
static_static_nominal,ramp,5,4,static_nominal,0.0,0,64,0.0,1.0,500.54607399999986,4,4,815.1923419999976,False,
static_static_nominal,ramp,6,3,static_nominal,0.21951219512195122,9,41,0.21951219512195122,1.0,130.546074,3,3,483.2069959999998,False,
static_static_nominal,ramp,7,2,static_nominal,0.4,12,30,0.4,1.0,130.546074,2,2,290.5460739999999,False,
static_static_nominal,ramp,8,1,static_nominal,0.6333333333333333,19,30,0.6333333333333333,1.0,100.54607400000002,1,1,290.5460739999999,False,
static_static_nominal,ramp,9,0,static_nominal,0.9333333333333333,28,30,0.9333333333333333,1.0,60.54607400000002,0,0,290.5460739999999,False,
static_static_nominal,step,0,0,static_nominal,0.9333333333333333,28,30,0.9333333333333333,1.0,60.54607400000002,0,0,290.5460739999999,False,
static_static_nominal,step,1,0,static_nominal,0.9333333333333333,28,30,0.9333333333333333,1.0,60.54607400000002,0,0,290.5460739999999,False,
static_static_nominal,step,2,4,static_nominal,0.0,0,64,0.0,1.0,500.54607399999986,4,4,815.1923419999976,False,
static_static_nominal,step,3,4,static_nominal,0.0,0,64,0.0,1.0,500.54607399999986,4,4,815.1923419999976,False,
static_static_nominal,step,4,4,static_nominal,0.0,0,64,0.0,1.0,500.54607399999986,4,4,815.1923419999976,False,
static_static_nominal,step,5,4,static_nominal,0.0,0,64,0.0,1.0,500.54607399999986,4,4,815.1923419999976,False,
static_static_nominal,step,6,0,static_nominal,0.9333333333333333,28,30,0.9333333333333333,1.0,60.54607400000002,0,0,290.5460739999999,False,
static_static_nominal,step,7,0,static_nominal,0.9333333333333333,28,30,0.9333333333333333,1.0,60.54607400000002,0,0,290.5460739999999,False,
static_static_nominal,step,8,0,static_nominal,0.9333333333333333,28,30,0.9333333333333333,1.0,60.54607400000002,0,0,290.5460739999999,False,
static_static_nominal,step,9,0,static_nominal,0.9333333333333333,28,30,0.9333333333333333,1.0,60.54607400000002,0,0,290.5460739999999,False,
static_static_nominal,oscillate,0,0,static_nominal,0.9333333333333333,28,30,0.9333333333333333,1.0,60.54607400000002,0,0,290.5460739999999,False,
static_static_nominal,oscillate,1,4,static_nominal,0.0,0,64,0.0,1.0,500.54607399999986,4,4,815.1923419999976,False,
static_static_nominal,oscillate,2,0,static_nominal,0.9333333333333333,28,30,0.9333333333333333,1.0,60.54607400000002,0,0,290.5460739999999,False,
static_static_nominal,oscillate,3,4,static_nominal,0.0,0,64,0.0,1.0,500.54607399999986,4,4,815.1923419999976,False,
static_static_nominal,oscillate,4,0,static_nominal,0.9333333333333333,28,30,0.9333333333333333,1.0,60.54607400000002,0,0,290.5460739999999,False,
static_static_nominal,oscillate,5,4,static_nominal,0.0,0,64,0.0,1.0,500.54607399999986,4,4,815.1923419999976,False,
static_static_nominal,oscillate,6,0,static_nominal,0.9333333333333333,28,30,0.9333333333333333,1.0,60.54607400000002,0,0,290.5460739999999,False,
static_static_nominal,oscillate,7,4,static_nominal,0.0,0,64,0.0,1.0,500.54607399999986,4,4,815.1923419999976,False,
static_static_nominal,oscillate,8,0,static_nominal,0.9333333333333333,28,30,0.9333333333333333,1.0,60.54607400000002,0,0,290.5460739999999,False,
static_static_nominal,oscillate,9,4,static_nominal,0.0,0,64,0.0,1.0,500.54607399999986,4,4,815.1923419999976,False,
static_static_nominal,sustained,0,4,static_nominal,0.0,0,64,0.0,1.0,500.54607399999986,4,4,815.1923419999976,False,
static_static_nominal,sustained,1,4,static_nominal,0.0,0,64,0.0,1.0,500.54607399999986,4,4,815.1923419999976,False,
static_static_nominal,sustained,2,4,static_nominal,0.0,0,64,0.0,1.0,500.54607399999986,4,4,815.1923419999976,False,
static_static_nominal,sustained,3,4,static_nominal,0.0,0,64,0.0,1.0,500.54607399999986,4,4,815.1923419999976,False,
static_static_nominal,sustained,4,4,static_nominal,0.0,0,64,0.0,1.0,500.54607399999986,4,4,815.1923419999976,False,
static_static_nominal,sustained,5,4,static_nominal,0.0,0,64,0.0,1.0,500.54607399999986,4,4,815.1923419999976,False,
static_static_nominal,sustained,6,4,static_nominal,0.0,0,64,0.0,1.0,500.54607399999986,4,4,815.1923419999976,False,
static_static_nominal,sustained,7,4,static_nominal,0.0,0,64,0.0,1.0,500.54607399999986,4,4,815.1923419999976,False,
static_static_nominal,sustained,8,4,static_nominal,0.0,0,64,0.0,1.0,500.54607399999986,4,4,815.1923419999976,False,
static_static_nominal,sustained,9,4,static_nominal,0.0,0,64,0.0,1.0,500.54607399999986,4,4,815.1923419999976,False,
