graph_iter,dispatch_key,dispatch_id,ordinal,total,job_name,module_name,target,cores,planned_start_us,ready_us,start_us,end_us,queue_delay_us,run_us,total_latency_us
0,dronet0_dispatch_0,0,1,1,dronet0,dronet$dispatch_0_rvv_x60_conv2d_s8_N1xIC3xIH112xIW112xOC32xOH56xOW56xKH3xKW3xSH2xSW2xPH1xPW1,CPU_P,0,0.0,0.0,0.0,2128.5,0.0,2128.5,2128.5
0,dronet0_dispatch_1,1,1,1,dronet0,dronet$dispatch_1_rvv_x60_maxpool2d_s8_N1xC32xIH56xIW56xOH27xOW27xKH3xKW3xSH2xSW2xPH0xPW0xDH1xDW1,CPU_P,1,2000.0,2000.0,2000.0,2803.875,0.0,803.875,803.875
0,dronet0_dispatch_2,2,1,1,dronet0,dronet$dispatch_2_rvv_x60_batchnorm2d_s8_N1xC32xH27xW27,CPU_P,2,3000.0,2803.875,3000.0,3133.792,196.125,133.792,329.917
0,dronet0_dispatch_5,5,1,1,dronet0,dronet$dispatch_5_rvv_x60_conv2d_s8_N1xIC32xIH27xIW27xOC32xOH14xOW14xKH1xKW1xSH2xSW2xPH0xPW0,CPU_E,1,3000.0,2803.875,3000.0,3190.417,196.125,190.417,386.542
0,dronet0_dispatch_3,3,1,1,dronet0,dronet$dispatch_3_rvv_x60_conv2d_batchnorm2d_s8_noshape,CPU_P,3,4000.0,3133.792,4000.0,5176.125,866.208,1176.125,2042.333
0,dronet0_dispatch_4,4,1,1,dronet0,dronet$dispatch_4_rvv_x60_conv2d_s8_N1xIC32xIH14xIW14xOC32xOH14xOW14xKH3xKW3xSH1xSW1xPH1xPW1,CPU_E,0,5000.0,5000.0,5000.0,5772.0,0.0,772.0,772.0
0,dronet0_dispatch_6,6,1,1,dronet0,dronet$dispatch_6_rvv_x60_add_s8_n6272,CPU_E,2,6000.0,5772.0,6000.0,6344.292,228.0,344.292,572.292
0,dronet0_dispatch_7,7,1,1,dronet0,dronet$dispatch_7_rvv_x60_batchnorm2d_s8_N1xC32xH14xW14,CPU_E,3,7000.0,6344.292,7000.0,7024.958,655.708,24.958,680.666
0,mlp_control1_dispatch_0,0,1,1,mlp_control1,mlp_control$dispatch_0_rvv_x60_linear_s8_M1xK16xN256,CPU_E,3,10000.0,10000.0,10000.0,10028.625,0.0,28.625,28.625
0,mlp_control1_dispatch_1,1,1,1,mlp_control1,mlp_control$dispatch_1_rvv_x60_elu_s8_n256,CPU_E,3,11000.0,10028.625,11000.0,11019.958,971.375,19.958,991.333
0,mlp_control1_dispatch_2,2,1,1,mlp_control1,mlp_control$dispatch_2_rvv_x60_linear_s8_M1xK256xN128,CPU_E,3,12000.0,11019.958,12000.0,12017.667,980.042,17.667,997.709
0,mlp_control1_dispatch_3,3,1,1,mlp_control1,mlp_control$dispatch_3_rvv_x60_elu_s8_n128,CPU_E,3,13000.0,12017.667,13000.0,13010.583,982.333,10.583,992.916
0,mlp_control1_dispatch_4,4,1,1,mlp_control1,mlp_control$dispatch_4_rvv_x60_linear_s8_M1xK128xN64,CPU_E,3,14000.0,13010.583,14000.0,14006.5,989.417,6.5,995.917
0,mlp_control1_dispatch_5,5,1,1,mlp_control1,mlp_control$dispatch_5_rvv_x60_elu_s8_n64,CPU_E,3,15000.0,14006.5,15000.0,15004.792,993.5,4.792,998.292
0,mlp_control1_dispatch_6,6,1,1,mlp_control1,mlp_control$dispatch_6_rvv_x60_linear_s8_M1xK64xN4,CPU_E,3,16000.0,15004.792,16000.0,16001.208,995.208,1.208,996.416
0,mlp_control2_dispatch_0,0,1,1,mlp_control2,mlp_control$dispatch_0_rvv_x60_linear_s8_M1xK16xN256,CPU_E,3,20000.0,20000.0,20000.0,20028.625,0.0,28.625,28.625
0,mlp_control2_dispatch_1,1,1,1,mlp_control2,mlp_control$dispatch_1_rvv_x60_elu_s8_n256,CPU_E,3,21000.0,20028.625,21000.0,21019.958,971.375,19.958,991.333
0,mlp_control2_dispatch_2,2,1,1,mlp_control2,mlp_control$dispatch_2_rvv_x60_linear_s8_M1xK256xN128,CPU_E,3,22000.0,21019.958,22000.0,22017.667,980.042,17.667,997.709
0,mlp_control2_dispatch_3,3,1,1,mlp_control2,mlp_control$dispatch_3_rvv_x60_elu_s8_n128,CPU_E,3,23000.0,22017.667,23000.0,23010.583,982.333,10.583,992.916
0,mlp_control2_dispatch_4,4,1,1,mlp_control2,mlp_control$dispatch_4_rvv_x60_linear_s8_M1xK128xN64,CPU_E,3,24000.0,23010.583,24000.0,24006.5,989.417,6.5,995.917
0,mlp_control2_dispatch_5,5,1,1,mlp_control2,mlp_control$dispatch_5_rvv_x60_elu_s8_n64,CPU_E,3,25000.0,24006.5,25000.0,25004.792,993.5,4.792,998.292
0,mlp_control2_dispatch_6,6,1,1,mlp_control2,mlp_control$dispatch_6_rvv_x60_linear_s8_M1xK64xN4,CPU_E,3,26000.0,25004.792,26000.0,26001.208,995.208,1.208,996.416
0,dronet1_dispatch_0,0,1,1,dronet1,dronet$dispatch_0_rvv_x60_conv2d_s8_N1xIC3xIH112xIW112xOC32xOH56xOW56xKH3xKW3xSH2xSW2xPH1xPW1,CPU_P,0,33000.0,33000.0,33000.0,35128.5,0.0,2128.5,2128.5
0,dronet1_dispatch_1,1,1,1,dronet1,dronet$dispatch_1_rvv_x60_maxpool2d_s8_N1xC32xIH56xIW56xOH27xOW27xKH3xKW3xSH2xSW2xPH0xPW0xDH1xDW1,CPU_P,1,35000.0,35000.0,35000.0,35803.875,0.0,803.875,803.875
0,dronet1_dispatch_2,2,1,1,dronet1,dronet$dispatch_2_rvv_x60_batchnorm2d_s8_N1xC32xH27xW27,CPU_P,2,36000.0,35803.875,36000.0,36133.792,196.125,133.792,329.917
0,dronet1_dispatch_5,5,1,1,dronet1,dronet$dispatch_5_rvv_x60_conv2d_s8_N1xIC32xIH27xIW27xOC32xOH14xOW14xKH1xKW1xSH2xSW2xPH0xPW0,CPU_E,1,36000.0,35803.875,36000.0,36190.417,196.125,190.417,386.542
0,dronet1_dispatch_3,3,1,1,dronet1,dronet$dispatch_3_rvv_x60_conv2d_batchnorm2d_s8_noshape,CPU_P,3,37000.0,36133.792,37000.0,38176.125,866.208,1176.125,2042.333
0,dronet1_dispatch_4,4,1,1,dronet1,dronet$dispatch_4_rvv_x60_conv2d_s8_N1xIC32xIH14xIW14xOC32xOH14xOW14xKH3xKW3xSH1xSW1xPH1xPW1,CPU_E,0,38000.0,38000.0,38000.0,38772.0,0.0,772.0,772.0
0,dronet1_dispatch_6,6,1,1,dronet1,dronet$dispatch_6_rvv_x60_add_s8_n6272,CPU_E,2,39000.0,38772.0,39000.0,39344.292,228.0,344.292,572.292
0,mlp_control4_dispatch_0,0,1,1,mlp_control4,mlp_control$dispatch_0_rvv_x60_linear_s8_M1xK16xN256,CPU_E,3,40000.0,40000.0,40000.0,40028.625,0.0,28.625,28.625
0,mlp_control4_dispatch_1,1,1,1,mlp_control4,mlp_control$dispatch_1_rvv_x60_elu_s8_n256,CPU_E,3,41000.0,40028.625,41000.0,41019.958,971.375,19.958,991.333
0,mlp_control4_dispatch_2,2,1,1,mlp_control4,mlp_control$dispatch_2_rvv_x60_linear_s8_M1xK256xN128,CPU_E,3,42000.0,41019.958,42000.0,42017.667,980.042,17.667,997.709
0,mlp_control4_dispatch_3,3,1,1,mlp_control4,mlp_control$dispatch_3_rvv_x60_elu_s8_n128,CPU_E,3,43000.0,42017.667,43000.0,43010.583,982.333,10.583,992.916
0,mlp_control4_dispatch_4,4,1,1,mlp_control4,mlp_control$dispatch_4_rvv_x60_linear_s8_M1xK128xN64,CPU_E,3,44000.0,43010.583,44000.0,44006.5,989.417,6.5,995.917
0,mlp_control4_dispatch_5,5,1,1,mlp_control4,mlp_control$dispatch_5_rvv_x60_elu_s8_n64,CPU_E,3,45000.0,44006.5,45000.0,45004.792,993.5,4.792,998.292
0,dronet1_dispatch_10,10,1,1,dronet1,dronet$dispatch_10_rvv_x60_conv2d_s8_N1xIC32xIH14xIW14xOC64xOH7xOW7xKH1xKW1xSH2xSW2xPH0xPW0,CPU_E,3,46000.0,39344.292,46000.0,46096.625,6655.708,96.625,6752.333
0,mlp_control4_dispatch_6,6,1,1,mlp_control4,mlp_control$dispatch_6_rvv_x60_linear_s8_M1xK64xN4,CPU_E,3,47000.0,45004.792,47000.0,47001.208,1995.208,1.208,1996.416
0,dronet1_dispatch_7,7,1,1,dronet1,dronet$dispatch_7_rvv_x60_batchnorm2d_s8_N1xC32xH14xW14,CPU_E,3,48000.0,39344.292,48000.0,48024.958,8655.708,24.958,8680.666
0,mlp_control5_dispatch_0,0,1,1,mlp_control5,mlp_control$dispatch_0_rvv_x60_linear_s8_M1xK16xN256,CPU_E,3,50000.0,50000.0,50000.0,50028.625,0.0,28.625,28.625
0,mlp_control5_dispatch_1,1,1,1,mlp_control5,mlp_control$dispatch_1_rvv_x60_elu_s8_n256,CPU_E,3,51000.0,50028.625,51000.0,51019.958,971.375,19.958,991.333
0,mlp_control5_dispatch_2,2,1,1,mlp_control5,mlp_control$dispatch_2_rvv_x60_linear_s8_M1xK256xN128,CPU_E,3,52000.0,51019.958,52000.0,52017.667,980.042,17.667,997.709
0,mlp_control5_dispatch_3,3,1,1,mlp_control5,mlp_control$dispatch_3_rvv_x60_elu_s8_n128,CPU_E,3,53000.0,52017.667,53000.0,53010.583,982.333,10.583,992.916
0,mlp_control5_dispatch_4,4,1,1,mlp_control5,mlp_control$dispatch_4_rvv_x60_linear_s8_M1xK128xN64,CPU_E,3,54000.0,53010.583,54000.0,54006.5,989.417,6.5,995.917
0,mlp_control5_dispatch_5,5,1,1,mlp_control5,mlp_control$dispatch_5_rvv_x60_elu_s8_n64,CPU_E,3,55000.0,54006.5,55000.0,55004.792,993.5,4.792,998.292
0,mlp_control5_dispatch_6,6,1,1,mlp_control5,mlp_control$dispatch_6_rvv_x60_linear_s8_M1xK64xN4,CPU_E,3,56000.0,55004.792,56000.0,56001.208,995.208,1.208,996.416
0,mlp_control6_dispatch_0,0,1,1,mlp_control6,mlp_control$dispatch_0_rvv_x60_linear_s8_M1xK16xN256,CPU_E,3,60000.0,60000.0,60000.0,60028.625,0.0,28.625,28.625
0,mlp_control6_dispatch_1,1,1,1,mlp_control6,mlp_control$dispatch_1_rvv_x60_elu_s8_n256,CPU_E,3,61000.0,60028.625,61000.0,61019.958,971.375,19.958,991.333
0,mlp_control6_dispatch_2,2,1,1,mlp_control6,mlp_control$dispatch_2_rvv_x60_linear_s8_M1xK256xN128,CPU_E,3,62000.0,61019.958,62000.0,62017.667,980.042,17.667,997.709
0,mlp_control6_dispatch_3,3,1,1,mlp_control6,mlp_control$dispatch_3_rvv_x60_elu_s8_n128,CPU_E,3,63000.0,62017.667,63000.0,63010.583,982.333,10.583,992.916
0,mlp_control6_dispatch_4,4,1,1,mlp_control6,mlp_control$dispatch_4_rvv_x60_linear_s8_M1xK128xN64,CPU_E,3,64000.0,63010.583,64000.0,64006.5,989.417,6.5,995.917
0,mlp_control6_dispatch_5,5,1,1,mlp_control6,mlp_control$dispatch_5_rvv_x60_elu_s8_n64,CPU_E,3,65000.0,64006.5,65000.0,65004.792,993.5,4.792,998.292
0,mlp_control6_dispatch_6,6,1,1,mlp_control6,mlp_control$dispatch_6_rvv_x60_linear_s8_M1xK64xN4,CPU_E,3,66000.0,65004.792,66000.0,66001.208,995.208,1.208,996.416
0,dronet2_dispatch_0,0,1,1,dronet2,dronet$dispatch_0_rvv_x60_conv2d_s8_N1xIC3xIH112xIW112xOC32xOH56xOW56xKH3xKW3xSH2xSW2xPH1xPW1,CPU_P,0,67000.0,66600.0,67000.0,69128.5,400.0,2128.5,2528.5
0,dronet2_dispatch_1,1,1,1,dronet2,dronet$dispatch_1_rvv_x60_maxpool2d_s8_N1xC32xIH56xIW56xOH27xOW27xKH3xKW3xSH2xSW2xPH0xPW0xDH1xDW1,CPU_P,1,69000.0,69000.0,69000.0,69803.875,0.0,803.875,803.875
0,dronet2_dispatch_2,2,1,1,dronet2,dronet$dispatch_2_rvv_x60_batchnorm2d_s8_N1xC32xH27xW27,CPU_P,2,70000.0,69803.875,70000.0,70133.792,196.125,133.792,329.917
0,dronet2_dispatch_5,5,1,1,dronet2,dronet$dispatch_5_rvv_x60_conv2d_s8_N1xIC32xIH27xIW27xOC32xOH14xOW14xKH1xKW1xSH2xSW2xPH0xPW0,CPU_E,1,70000.0,69803.875,70000.0,70190.417,196.125,190.417,386.542
0,mlp_control7_dispatch_0,0,1,1,mlp_control7,mlp_control$dispatch_0_rvv_x60_linear_s8_M1xK16xN256,CPU_E,3,70000.0,70000.0,70000.0,70028.625,0.0,28.625,28.625
0,dronet2_dispatch_3,3,1,1,dronet2,dronet$dispatch_3_rvv_x60_conv2d_batchnorm2d_s8_noshape,CPU_P,3,71000.0,70133.792,71000.0,72176.125,866.208,1176.125,2042.333
0,mlp_control7_dispatch_1,1,1,1,mlp_control7,mlp_control$dispatch_1_rvv_x60_elu_s8_n256,CPU_E,3,71000.0,70028.625,71000.0,71019.958,971.375,19.958,991.333
0,dronet2_dispatch_4,4,1,1,dronet2,dronet$dispatch_4_rvv_x60_conv2d_s8_N1xIC32xIH14xIW14xOC32xOH14xOW14xKH3xKW3xSH1xSW1xPH1xPW1,CPU_E,0,72000.0,72000.0,72000.0,72772.0,0.0,772.0,772.0
0,mlp_control7_dispatch_2,2,1,1,mlp_control7,mlp_control$dispatch_2_rvv_x60_linear_s8_M1xK256xN128,CPU_E,3,72000.0,71019.958,72000.0,72017.667,980.042,17.667,997.709
0,dronet2_dispatch_6,6,1,1,dronet2,dronet$dispatch_6_rvv_x60_add_s8_n6272,CPU_E,2,73000.0,72772.0,73000.0,73344.292,228.0,344.292,572.292
0,mlp_control7_dispatch_3,3,1,1,mlp_control7,mlp_control$dispatch_3_rvv_x60_elu_s8_n128,CPU_E,3,73000.0,72017.667,73000.0,73010.583,982.333,10.583,992.916
0,mlp_control7_dispatch_4,4,1,1,mlp_control7,mlp_control$dispatch_4_rvv_x60_linear_s8_M1xK128xN64,CPU_E,3,74000.0,73010.583,74000.0,74006.5,989.417,6.5,995.917
0,mlp_control7_dispatch_5,5,1,1,mlp_control7,mlp_control$dispatch_5_rvv_x60_elu_s8_n64,CPU_E,3,75000.0,74006.5,75000.0,75004.792,993.5,4.792,998.292
0,dronet2_dispatch_7,7,1,1,dronet2,dronet$dispatch_7_rvv_x60_batchnorm2d_s8_N1xC32xH14xW14,CPU_E,3,76000.0,73344.292,76000.0,76024.958,2655.708,24.958,2680.666
0,dronet2_dispatch_10,10,1,1,dronet2,dronet$dispatch_10_rvv_x60_conv2d_s8_N1xIC32xIH14xIW14xOC64xOH7xOW7xKH1xKW1xSH2xSW2xPH0xPW0,CPU_E,3,77000.0,73344.292,77000.0,77096.625,3655.708,96.625,3752.333
0,mlp_control7_dispatch_6,6,1,1,mlp_control7,mlp_control$dispatch_6_rvv_x60_linear_s8_M1xK64xN4,CPU_E,3,78000.0,75004.792,78000.0,78001.208,2995.208,1.208,2996.416
0,mlp_control8_dispatch_0,0,1,1,mlp_control8,mlp_control$dispatch_0_rvv_x60_linear_s8_M1xK16xN256,CPU_E,3,80000.0,80000.0,80000.0,80028.625,0.0,28.625,28.625
0,mlp_control8_dispatch_1,1,1,1,mlp_control8,mlp_control$dispatch_1_rvv_x60_elu_s8_n256,CPU_E,3,81000.0,80028.625,81000.0,81019.958,971.375,19.958,991.333
0,mlp_control8_dispatch_2,2,1,1,mlp_control8,mlp_control$dispatch_2_rvv_x60_linear_s8_M1xK256xN128,CPU_E,3,82000.0,81019.958,82000.0,82017.667,980.042,17.667,997.709
0,mlp_control8_dispatch_3,3,1,1,mlp_control8,mlp_control$dispatch_3_rvv_x60_elu_s8_n128,CPU_E,3,83000.0,82017.667,83000.0,83010.583,982.333,10.583,992.916
0,mlp_control8_dispatch_4,4,1,1,mlp_control8,mlp_control$dispatch_4_rvv_x60_linear_s8_M1xK128xN64,CPU_E,3,84000.0,83010.583,84000.0,84006.5,989.417,6.5,995.917
0,mlp_control8_dispatch_5,5,1,1,mlp_control8,mlp_control$dispatch_5_rvv_x60_elu_s8_n64,CPU_E,3,85000.0,84006.5,85000.0,85004.792,993.5,4.792,998.292
0,mlp_control8_dispatch_6,6,1,1,mlp_control8,mlp_control$dispatch_6_rvv_x60_linear_s8_M1xK64xN4,CPU_E,3,86000.0,85004.792,86000.0,86001.208,995.208,1.208,996.416
0,mlp_control9_dispatch_0,0,1,1,mlp_control9,mlp_control$dispatch_0_rvv_x60_linear_s8_M1xK16xN256,CPU_E,3,90000.0,90000.0,90000.0,90028.625,0.0,28.625,28.625
0,mlp_control9_dispatch_1,1,1,1,mlp_control9,mlp_control$dispatch_1_rvv_x60_elu_s8_n256,CPU_E,3,91000.0,90028.625,91000.0,91019.958,971.375,19.958,991.333
0,mlp_control9_dispatch_2,2,1,1,mlp_control9,mlp_control$dispatch_2_rvv_x60_linear_s8_M1xK256xN128,CPU_E,3,92000.0,91019.958,92000.0,92017.667,980.042,17.667,997.709
0,mlp_control9_dispatch_3,3,1,1,mlp_control9,mlp_control$dispatch_3_rvv_x60_elu_s8_n128,CPU_E,3,93000.0,92017.667,93000.0,93010.583,982.333,10.583,992.916
0,mlp_control9_dispatch_4,4,1,1,mlp_control9,mlp_control$dispatch_4_rvv_x60_linear_s8_M1xK128xN64,CPU_E,3,94000.0,93010.583,94000.0,94006.5,989.417,6.5,995.917
0,mlp_control9_dispatch_5,5,1,1,mlp_control9,mlp_control$dispatch_5_rvv_x60_elu_s8_n64,CPU_E,3,95000.0,94006.5,95000.0,95004.792,993.5,4.792,998.292
0,mlp_control9_dispatch_6,6,1,1,mlp_control9,mlp_control$dispatch_6_rvv_x60_linear_s8_M1xK64xN4,CPU_E,3,96000.0,95004.792,96000.0,96001.208,995.208,1.208,996.416
0,dronet3_dispatch_0,0,1,1,dronet3,dronet$dispatch_0_rvv_x60_conv2d_s8_N1xIC3xIH112xIW112xOC32xOH56xOW56xKH3xKW3xSH2xSW2xPH1xPW1,CPU_P,0,100000.0,99900.0,100000.0,102128.5,100.0,2128.5,2228.5
0,mlp_control10_dispatch_0,0,1,1,mlp_control10,mlp_control$dispatch_0_rvv_x60_linear_s8_M1xK16xN256,CPU_E,3,100000.0,100000.0,100000.0,100028.625,0.0,28.625,28.625
0,mlp_control10_dispatch_1,1,1,1,mlp_control10,mlp_control$dispatch_1_rvv_x60_elu_s8_n256,CPU_E,3,101000.0,100028.625,101000.0,101019.958,971.375,19.958,991.333
0,dronet3_dispatch_1,1,1,1,dronet3,dronet$dispatch_1_rvv_x60_maxpool2d_s8_N1xC32xIH56xIW56xOH27xOW27xKH3xKW3xSH2xSW2xPH0xPW0xDH1xDW1,CPU_P,1,102000.0,102000.0,102000.0,102803.875,0.0,803.875,803.875
0,mlp_control10_dispatch_2,2,1,1,mlp_control10,mlp_control$dispatch_2_rvv_x60_linear_s8_M1xK256xN128,CPU_E,3,102000.0,101019.958,102000.0,102017.667,980.042,17.667,997.709
0,dronet3_dispatch_2,2,1,1,dronet3,dronet$dispatch_2_rvv_x60_batchnorm2d_s8_N1xC32xH27xW27,CPU_P,2,103000.0,102803.875,103000.0,103133.792,196.125,133.792,329.917
0,dronet3_dispatch_5,5,1,1,dronet3,dronet$dispatch_5_rvv_x60_conv2d_s8_N1xIC32xIH27xIW27xOC32xOH14xOW14xKH1xKW1xSH2xSW2xPH0xPW0,CPU_E,1,103000.0,102803.875,103000.0,103190.417,196.125,190.417,386.542
0,mlp_control10_dispatch_3,3,1,1,mlp_control10,mlp_control$dispatch_3_rvv_x60_elu_s8_n128,CPU_E,3,103000.0,102017.667,103000.0,103010.583,982.333,10.583,992.916
0,dronet3_dispatch_3,3,1,1,dronet3,dronet$dispatch_3_rvv_x60_conv2d_batchnorm2d_s8_noshape,CPU_P,3,104000.0,103133.792,104000.0,105176.125,866.208,1176.125,2042.333
0,mlp_control10_dispatch_4,4,1,1,mlp_control10,mlp_control$dispatch_4_rvv_x60_linear_s8_M1xK128xN64,CPU_E,3,104000.0,103010.583,104000.0,104006.5,989.417,6.5,995.917
0,dronet0_dispatch_8,8,1,1,dronet0,dronet$dispatch_8_rvv_x60_conv2d_batchnorm2d_s8_noshape,CPU_E,3,105000.0,7024.958,105000.0,105744.625,97975.042,744.625,98719.667
0,dronet3_dispatch_4,4,1,1,dronet3,dronet$dispatch_4_rvv_x60_conv2d_s8_N1xIC32xIH14xIW14xOC32xOH14xOW14xKH3xKW3xSH1xSW1xPH1xPW1,CPU_E,0,105000.0,105000.0,105000.0,105772.0,0.0,772.0,772.0
0,dronet1_dispatch_8,8,1,1,dronet1,dronet$dispatch_8_rvv_x60_conv2d_batchnorm2d_s8_noshape,CPU_E,3,106000.0,48024.958,106000.0,106744.625,57975.042,744.625,58719.667
0,dronet3_dispatch_6,6,1,1,dronet3,dronet$dispatch_6_rvv_x60_add_s8_n6272,CPU_E,2,106000.0,105772.0,106000.0,106344.292,228.0,344.292,572.292
0,dronet2_dispatch_8,8,1,1,dronet2,dronet$dispatch_8_rvv_x60_conv2d_batchnorm2d_s8_noshape,CPU_E,3,107000.0,76024.958,107000.0,107744.625,30975.042,744.625,31719.667
0,dronet0_dispatch_9,9,1,1,dronet0,dronet$dispatch_9_rvv_x60_conv2d_s8_N1xIC64xIH7xIW7xOC64xOH7xOW7xKH3xKW3xSH1xSW1xPH1xPW1,CPU_E,3,108000.0,105744.625,108000.0,108976.625,2255.375,976.625,3232.0
0,dronet1_dispatch_9,9,1,1,dronet1,dronet$dispatch_9_rvv_x60_conv2d_s8_N1xIC64xIH7xIW7xOC64xOH7xOW7xKH3xKW3xSH1xSW1xPH1xPW1,CPU_E,3,109000.0,106744.625,109000.0,109976.625,2255.375,976.625,3232.0
0,dronet2_dispatch_9,9,1,1,dronet2,dronet$dispatch_9_rvv_x60_conv2d_s8_N1xIC64xIH7xIW7xOC64xOH7xOW7xKH3xKW3xSH1xSW1xPH1xPW1,CPU_E,3,110000.0,107744.625,110000.0,110976.625,2255.375,976.625,3232.0
0,dronet3_dispatch_10,10,1,1,dronet3,dronet$dispatch_10_rvv_x60_conv2d_s8_N1xIC32xIH14xIW14xOC64xOH7xOW7xKH1xKW1xSH2xSW2xPH0xPW0,CPU_E,3,111000.0,106344.292,111000.0,111096.625,4655.708,96.625,4752.333
0,dronet0_dispatch_10,10,1,1,dronet0,dronet$dispatch_10_rvv_x60_conv2d_s8_N1xIC32xIH14xIW14xOC64xOH7xOW7xKH1xKW1xSH2xSW2xPH0xPW0,CPU_E,3,112000.0,6344.292,112000.0,112096.625,105655.708,96.625,105752.333
0,dronet1_dispatch_11,11,1,1,dronet1,dronet$dispatch_11_rvv_x60_add_s8_n3136,CPU_E,3,113000.0,109976.625,113000.0,113168.208,3023.375,168.208,3191.583
0,dronet1_dispatch_12,12,1,1,dronet1,dronet$dispatch_12_rvv_x60_batchnorm2d_s8_N1xC64xH7xW7,CPU_E,3,114000.0,113168.208,114000.0,114010.208,831.792,10.208,842.0
0,dronet2_dispatch_11,11,1,1,dronet2,dronet$dispatch_11_rvv_x60_add_s8_n3136,CPU_E,3,115000.0,110976.625,115000.0,115168.208,4023.375,168.208,4191.583
0,dronet2_dispatch_12,12,1,1,dronet2,dronet$dispatch_12_rvv_x60_batchnorm2d_s8_N1xC64xH7xW7,CPU_E,3,116000.0,115168.208,116000.0,116010.208,831.792,10.208,842.0
0,dronet1_dispatch_13,13,1,1,dronet1,dronet$dispatch_13_rvv_x60_conv2d_batchnorm2d_s8_noshape,CPU_E,3,117000.0,114010.208,117000.0,117932.25,2989.792,932.25,3922.042
0,dronet1_dispatch_15,15,1,1,dronet1,dronet$dispatch_15_rvv_x60_conv2d_s8_N1xIC64xIH7xIW7xOC128xOH4xOW4xKH1xKW1xSH2xSW2xPH0xPW0,CPU_E,3,118000.0,113168.208,118000.0,118109.208,4831.792,109.208,4941.0
0,dronet2_dispatch_15,15,1,1,dronet2,dronet$dispatch_15_rvv_x60_conv2d_s8_N1xIC64xIH7xIW7xOC128xOH4xOW4xKH1xKW1xSH2xSW2xPH0xPW0,CPU_E,3,119000.0,115168.208,119000.0,119109.208,3831.792,109.208,3941.0
0,mlp_control11_dispatch_0,0,1,1,mlp_control11,mlp_control$dispatch_0_rvv_x60_linear_s8_M1xK16xN256,CPU_E,3,120000.0,110000.0,120000.0,120028.625,10000.0,28.625,10028.625
0,mlp_control12_dispatch_0,0,1,1,mlp_control12,mlp_control$dispatch_0_rvv_x60_linear_s8_M1xK16xN256,CPU_E,3,121000.0,120000.0,121000.0,121028.625,1000.0,28.625,1028.625
0,mlp_control11_dispatch_1,1,1,1,mlp_control11,mlp_control$dispatch_1_rvv_x60_elu_s8_n256,CPU_E,3,122000.0,120028.625,122000.0,122019.958,1971.375,19.958,1991.333
0,mlp_control12_dispatch_1,1,1,1,mlp_control12,mlp_control$dispatch_1_rvv_x60_elu_s8_n256,CPU_E,3,123000.0,121028.625,123000.0,123019.958,1971.375,19.958,1991.333
0,mlp_control12_dispatch_2,2,1,1,mlp_control12,mlp_control$dispatch_2_rvv_x60_linear_s8_M1xK256xN128,CPU_E,3,124000.0,123019.958,124000.0,124017.667,980.042,17.667,997.709
0,mlp_control11_dispatch_2,2,1,1,mlp_control11,mlp_control$dispatch_2_rvv_x60_linear_s8_M1xK256xN128,CPU_E,3,125000.0,122019.958,125000.0,125017.667,2980.042,17.667,2997.709
0,mlp_control11_dispatch_3,3,1,1,mlp_control11,mlp_control$dispatch_3_rvv_x60_elu_s8_n128,CPU_E,3,126000.0,125017.667,126000.0,126010.583,982.333,10.583,992.916
0,mlp_control12_dispatch_3,3,1,1,mlp_control12,mlp_control$dispatch_3_rvv_x60_elu_s8_n128,CPU_E,3,127000.0,124017.667,127000.0,127010.583,2982.333,10.583,2992.916
0,mlp_control12_dispatch_4,4,1,1,mlp_control12,mlp_control$dispatch_4_rvv_x60_linear_s8_M1xK128xN64,CPU_E,3,128000.0,127010.583,128000.0,128006.5,989.417,6.5,995.917
0,mlp_control11_dispatch_4,4,1,1,mlp_control11,mlp_control$dispatch_4_rvv_x60_linear_s8_M1xK128xN64,CPU_E,3,129000.0,126010.583,129000.0,129006.5,2989.417,6.5,2995.917
0,mlp_control13_dispatch_0,0,1,1,mlp_control13,mlp_control$dispatch_0_rvv_x60_linear_s8_M1xK16xN256,CPU_E,3,130000.0,130000.0,130000.0,130028.625,0.0,28.625,28.625
0,mlp_control13_dispatch_1,1,1,1,mlp_control13,mlp_control$dispatch_1_rvv_x60_elu_s8_n256,CPU_E,3,131000.0,130028.625,131000.0,131019.958,971.375,19.958,991.333
0,mlp_control13_dispatch_2,2,1,1,mlp_control13,mlp_control$dispatch_2_rvv_x60_linear_s8_M1xK256xN128,CPU_E,3,132000.0,131019.958,132000.0,132017.667,980.042,17.667,997.709
0,dronet4_dispatch_0,0,1,1,dronet4,dronet$dispatch_0_rvv_x60_conv2d_s8_N1xIC3xIH112xIW112xOC32xOH56xOW56xKH3xKW3xSH2xSW2xPH1xPW1,CPU_P,0,133000.0,133000.0,133000.0,135128.5,0.0,2128.5,2128.5
0,mlp_control13_dispatch_3,3,1,1,mlp_control13,mlp_control$dispatch_3_rvv_x60_elu_s8_n128,CPU_E,3,133000.0,132017.667,133000.0,133010.583,982.333,10.583,992.916
0,mlp_control13_dispatch_4,4,1,1,mlp_control13,mlp_control$dispatch_4_rvv_x60_linear_s8_M1xK128xN64,CPU_E,3,134000.0,133010.583,134000.0,134006.5,989.417,6.5,995.917
0,dronet4_dispatch_1,1,1,1,dronet4,dronet$dispatch_1_rvv_x60_maxpool2d_s8_N1xC32xIH56xIW56xOH27xOW27xKH3xKW3xSH2xSW2xPH0xPW0xDH1xDW1,CPU_P,1,135000.0,135000.0,135000.0,135803.875,0.0,803.875,803.875
0,mlp_control13_dispatch_5,5,1,1,mlp_control13,mlp_control$dispatch_5_rvv_x60_elu_s8_n64,CPU_E,3,135000.0,134006.5,135000.0,135004.792,993.5,4.792,998.292
0,dronet4_dispatch_2,2,1,1,dronet4,dronet$dispatch_2_rvv_x60_batchnorm2d_s8_N1xC32xH27xW27,CPU_P,2,136000.0,135803.875,136000.0,136133.792,196.125,133.792,329.917
0,dronet4_dispatch_5,5,1,1,dronet4,dronet$dispatch_5_rvv_x60_conv2d_s8_N1xIC32xIH27xIW27xOC32xOH14xOW14xKH1xKW1xSH2xSW2xPH0xPW0,CPU_E,1,136000.0,135803.875,136000.0,136190.417,196.125,190.417,386.542
0,mlp_control10_dispatch_5,5,1,1,mlp_control10,mlp_control$dispatch_5_rvv_x60_elu_s8_n64,CPU_E,3,136000.0,104006.5,136000.0,136004.792,31993.5,4.792,31998.292
0,dronet4_dispatch_3,3,1,1,dronet4,dronet$dispatch_3_rvv_x60_conv2d_batchnorm2d_s8_noshape,CPU_P,3,137000.0,136133.792,137000.0,138176.125,866.208,1176.125,2042.333
0,mlp_control12_dispatch_5,5,1,1,mlp_control12,mlp_control$dispatch_5_rvv_x60_elu_s8_n64,CPU_E,3,137000.0,128006.5,137000.0,137004.792,8993.5,4.792,8998.292
0,dronet4_dispatch_4,4,1,1,dronet4,dronet$dispatch_4_rvv_x60_conv2d_s8_N1xIC32xIH14xIW14xOC32xOH14xOW14xKH3xKW3xSH1xSW1xPH1xPW1,CPU_E,0,138000.0,138000.0,138000.0,138772.0,0.0,772.0,772.0
0,mlp_control11_dispatch_5,5,1,1,mlp_control11,mlp_control$dispatch_5_rvv_x60_elu_s8_n64,CPU_E,3,138000.0,129006.5,138000.0,138004.792,8993.5,4.792,8998.292
0,dronet0_dispatch_11,11,1,1,dronet0,dronet$dispatch_11_rvv_x60_add_s8_n3136,CPU_E,3,139000.0,112096.625,139000.0,139168.208,26903.375,168.208,27071.583
0,dronet4_dispatch_6,6,1,1,dronet4,dronet$dispatch_6_rvv_x60_add_s8_n6272,CPU_E,2,139000.0,138772.0,139000.0,139344.292,228.0,344.292,572.292
0,dronet0_dispatch_12,12,1,1,dronet0,dronet$dispatch_12_rvv_x60_batchnorm2d_s8_N1xC64xH7xW7,CPU_E,3,140000.0,139168.208,140000.0,140010.208,831.792,10.208,842.0
0,dronet4_dispatch_7,7,1,1,dronet4,dronet$dispatch_7_rvv_x60_batchnorm2d_s8_N1xC32xH14xW14,CPU_E,2,140000.0,139344.292,140000.0,140024.958,655.708,24.958,680.666
0,dronet0_dispatch_13,13,1,1,dronet0,dronet$dispatch_13_rvv_x60_conv2d_batchnorm2d_s8_noshape,CPU_E,3,141000.0,140010.208,141000.0,141932.25,989.792,932.25,1922.042
0,dronet4_dispatch_8,8,1,1,dronet4,dronet$dispatch_8_rvv_x60_conv2d_batchnorm2d_s8_noshape,CPU_E,2,141000.0,140024.958,141000.0,141744.625,975.042,744.625,1719.667
0,dronet2_dispatch_13,13,1,1,dronet2,dronet$dispatch_13_rvv_x60_conv2d_batchnorm2d_s8_noshape,CPU_E,3,142000.0,116010.208,142000.0,142932.25,25989.792,932.25,26922.042
0,dronet4_dispatch_9,9,1,1,dronet4,dronet$dispatch_9_rvv_x60_conv2d_s8_N1xIC64xIH7xIW7xOC64xOH7xOW7xKH3xKW3xSH1xSW1xPH1xPW1,CPU_E,2,142000.0,141744.625,142000.0,142976.625,255.375,976.625,1232.0
0,dronet2_dispatch_14,14,1,1,dronet2,dronet$dispatch_14_rvv_x60_conv2d_s8_N1xIC128xIH4xIW4xOC128xOH4xOW4xKH3xKW3xSH1xSW1xPH1xPW1,CPU_E,3,143000.0,142932.25,143000.0,144598.417,67.75,1598.417,1666.167
0,dronet0_dispatch_14,14,1,1,dronet0,dronet$dispatch_14_rvv_x60_conv2d_s8_N1xIC128xIH4xIW4xOC128xOH4xOW4xKH3xKW3xSH1xSW1xPH1xPW1,CPU_E,3,145000.0,141932.25,145000.0,146598.417,3067.75,1598.417,4666.167
0,dronet1_dispatch_14,14,1,1,dronet1,dronet$dispatch_14_rvv_x60_conv2d_s8_N1xIC128xIH4xIW4xOC128xOH4xOW4xKH3xKW3xSH1xSW1xPH1xPW1,CPU_E,3,147000.0,117932.25,147000.0,148598.417,29067.75,1598.417,30666.167
0,dronet1_dispatch_16,16,1,1,dronet1,dronet$dispatch_16_rvv_x60_add_s8_n2048,CPU_E,3,149000.0,148598.417,149000.0,149106.708,401.583,106.708,508.291
0,dronet2_dispatch_16,16,1,1,dronet2,dronet$dispatch_16_rvv_x60_add_s8_n2048,CPU_E,3,150000.0,144598.417,150000.0,150106.708,5401.583,106.708,5508.291
0,mlp_control14_dispatch_0,0,1,1,mlp_control14,mlp_control$dispatch_0_rvv_x60_linear_s8_M1xK16xN256,CPU_E,3,151000.0,140000.0,151000.0,151028.625,11000.0,28.625,11028.625
0,mlp_control15_dispatch_0,0,1,1,mlp_control15,mlp_control$dispatch_0_rvv_x60_linear_s8_M1xK16xN256,CPU_E,3,152000.0,150000.0,152000.0,152028.625,2000.0,28.625,2028.625
0,dronet0_dispatch_15,15,1,1,dronet0,dronet$dispatch_15_rvv_x60_conv2d_s8_N1xIC64xIH7xIW7xOC128xOH4xOW4xKH1xKW1xSH2xSW2xPH0xPW0,CPU_E,3,153000.0,139168.208,153000.0,153109.208,13831.792,109.208,13941.0
0,mlp_control14_dispatch_1,1,1,1,mlp_control14,mlp_control$dispatch_1_rvv_x60_elu_s8_n256,CPU_E,3,154000.0,151028.625,154000.0,154019.958,2971.375,19.958,2991.333
0,mlp_control15_dispatch_1,1,1,1,mlp_control15,mlp_control$dispatch_1_rvv_x60_elu_s8_n256,CPU_E,3,155000.0,152028.625,155000.0,155019.958,2971.375,19.958,2991.333
0,mlp_control14_dispatch_2,2,1,1,mlp_control14,mlp_control$dispatch_2_rvv_x60_linear_s8_M1xK256xN128,CPU_E,3,156000.0,154019.958,156000.0,156017.667,1980.042,17.667,1997.709
0,mlp_control15_dispatch_2,2,1,1,mlp_control15,mlp_control$dispatch_2_rvv_x60_linear_s8_M1xK256xN128,CPU_E,3,157000.0,155019.958,157000.0,157017.667,1980.042,17.667,1997.709
0,mlp_control14_dispatch_3,3,1,1,mlp_control14,mlp_control$dispatch_3_rvv_x60_elu_s8_n128,CPU_E,3,158000.0,156017.667,158000.0,158010.583,1982.333,10.583,1992.916
0,mlp_control15_dispatch_3,3,1,1,mlp_control15,mlp_control$dispatch_3_rvv_x60_elu_s8_n128,CPU_E,3,159000.0,157017.667,159000.0,159010.583,1982.333,10.583,1992.916
0,mlp_control16_dispatch_0,0,1,1,mlp_control16,mlp_control$dispatch_0_rvv_x60_linear_s8_M1xK16xN256,CPU_E,3,160000.0,160000.0,160000.0,160028.625,0.0,28.625,28.625
0,mlp_control16_dispatch_1,1,1,1,mlp_control16,mlp_control$dispatch_1_rvv_x60_elu_s8_n256,CPU_E,3,161000.0,160028.625,161000.0,161019.958,971.375,19.958,991.333
0,mlp_control16_dispatch_2,2,1,1,mlp_control16,mlp_control$dispatch_2_rvv_x60_linear_s8_M1xK256xN128,CPU_E,3,162000.0,161019.958,162000.0,162017.667,980.042,17.667,997.709
0,mlp_control16_dispatch_3,3,1,1,mlp_control16,mlp_control$dispatch_3_rvv_x60_elu_s8_n128,CPU_E,3,163000.0,162017.667,163000.0,163010.583,982.333,10.583,992.916
0,mlp_control15_dispatch_4,4,1,1,mlp_control15,mlp_control$dispatch_4_rvv_x60_linear_s8_M1xK128xN64,CPU_E,3,164000.0,159010.583,164000.0,164006.5,4989.417,6.5,4995.917
0,mlp_control16_dispatch_4,4,1,1,mlp_control16,mlp_control$dispatch_4_rvv_x60_linear_s8_M1xK128xN64,CPU_E,3,165000.0,163010.583,165000.0,165006.5,1989.417,6.5,1995.917
0,dronet5_dispatch_0,0,1,1,dronet5,dronet$dispatch_0_rvv_x60_conv2d_s8_N1xIC3xIH112xIW112xOC32xOH56xOW56xKH3xKW3xSH2xSW2xPH1xPW1,CPU_P,0,166000.0,166000.0,166000.0,168128.5,0.0,2128.5,2128.5
0,mlp_control14_dispatch_4,4,1,1,mlp_control14,mlp_control$dispatch_4_rvv_x60_linear_s8_M1xK128xN64,CPU_E,3,166000.0,158010.583,166000.0,166006.5,7989.417,6.5,7995.917
0,mlp_control15_dispatch_5,5,1,1,mlp_control15,mlp_control$dispatch_5_rvv_x60_elu_s8_n64,CPU_E,3,167000.0,164006.5,167000.0,167004.792,2993.5,4.792,2998.292
0,mlp_control14_dispatch_5,5,1,1,mlp_control14,mlp_control$dispatch_5_rvv_x60_elu_s8_n64,CPU_E,3,168000.0,166006.5,168000.0,168004.792,1993.5,4.792,1998.292
0,dronet5_dispatch_1,1,1,1,dronet5,dronet$dispatch_1_rvv_x60_maxpool2d_s8_N1xC32xIH56xIW56xOH27xOW27xKH3xKW3xSH2xSW2xPH0xPW0xDH1xDW1,CPU_P,1,169000.0,168128.5,169000.0,169803.875,871.5,803.875,1675.375
0,mlp_control16_dispatch_5,5,1,1,mlp_control16,mlp_control$dispatch_5_rvv_x60_elu_s8_n64,CPU_E,3,169000.0,165006.5,169000.0,169004.792,3993.5,4.792,3998.292
0,dronet5_dispatch_2,2,1,1,dronet5,dronet$dispatch_2_rvv_x60_batchnorm2d_s8_N1xC32xH27xW27,CPU_P,2,170000.0,169803.875,170000.0,170133.792,196.125,133.792,329.917
0,dronet5_dispatch_5,5,1,1,dronet5,dronet$dispatch_5_rvv_x60_conv2d_s8_N1xIC32xIH27xIW27xOC32xOH14xOW14xKH1xKW1xSH2xSW2xPH0xPW0,CPU_E,1,170000.0,169803.875,170000.0,170190.417,196.125,190.417,386.542
0,mlp_control17_dispatch_0,0,1,1,mlp_control17,mlp_control$dispatch_0_rvv_x60_linear_s8_M1xK16xN256,CPU_E,3,170000.0,170000.0,170000.0,170028.625,0.0,28.625,28.625
0,dronet5_dispatch_3,3,1,1,dronet5,dronet$dispatch_3_rvv_x60_conv2d_batchnorm2d_s8_noshape,CPU_P,3,171000.0,170133.792,171000.0,172176.125,866.208,1176.125,2042.333
0,mlp_control17_dispatch_1,1,1,1,mlp_control17,mlp_control$dispatch_1_rvv_x60_elu_s8_n256,CPU_E,3,171000.0,170028.625,171000.0,171019.958,971.375,19.958,991.333
0,dronet5_dispatch_4,4,1,1,dronet5,dronet$dispatch_4_rvv_x60_conv2d_s8_N1xIC32xIH14xIW14xOC32xOH14xOW14xKH3xKW3xSH1xSW1xPH1xPW1,CPU_E,0,172000.0,172000.0,172000.0,172772.0,0.0,772.0,772.0
0,mlp_control17_dispatch_2,2,1,1,mlp_control17,mlp_control$dispatch_2_rvv_x60_linear_s8_M1xK256xN128,CPU_E,3,172000.0,171019.958,172000.0,172017.667,980.042,17.667,997.709
0,dronet5_dispatch_6,6,1,1,dronet5,dronet$dispatch_6_rvv_x60_add_s8_n6272,CPU_E,1,173000.0,172772.0,173000.0,173344.292,228.0,344.292,572.292
0,mlp_control17_dispatch_3,3,1,1,mlp_control17,mlp_control$dispatch_3_rvv_x60_elu_s8_n128,CPU_E,3,173000.0,172017.667,173000.0,173010.583,982.333,10.583,992.916
0,dronet0_dispatch_16,16,1,1,dronet0,dronet$dispatch_16_rvv_x60_add_s8_n2048,CPU_E,3,174000.0,153109.208,174000.0,174106.708,20890.792,106.708,20997.5
0,dronet5_dispatch_10,10,1,1,dronet5,dronet$dispatch_10_rvv_x60_conv2d_s8_N1xIC32xIH14xIW14xOC64xOH7xOW7xKH1xKW1xSH2xSW2xPH0xPW0,CPU_E,2,174000.0,173344.292,174000.0,174096.625,655.708,96.625,752.333
0,dronet5_dispatch_7,7,1,1,dronet5,dronet$dispatch_7_rvv_x60_batchnorm2d_s8_N1xC32xH14xW14,CPU_E,1,174000.0,173344.292,174000.0,174024.958,655.708,24.958,680.666
0,dronet5_dispatch_8,8,1,1,dronet5,dronet$dispatch_8_rvv_x60_conv2d_batchnorm2d_s8_noshape,CPU_E,1,175000.0,174024.958,175000.0,175744.625,975.042,744.625,1719.667
0,mlp_control17_dispatch_4,4,1,1,mlp_control17,mlp_control$dispatch_4_rvv_x60_linear_s8_M1xK128xN64,CPU_E,3,175000.0,173010.583,175000.0,175006.5,1989.417,6.5,1995.917
0,dronet5_dispatch_9,9,1,1,dronet5,dronet$dispatch_9_rvv_x60_conv2d_s8_N1xIC64xIH7xIW7xOC64xOH7xOW7xKH3xKW3xSH1xSW1xPH1xPW1,CPU_E,1,176000.0,175744.625,176000.0,176976.625,255.375,976.625,1232.0
0,mlp_control0_dispatch_0,0,1,1,mlp_control0,mlp_control$dispatch_0_rvv_x60_linear_s8_M1xK16xN256,CPU_E,3,176000.0,0.0,176000.0,176028.625,176000.0,28.625,176028.625
0,dronet5_dispatch_11,11,1,1,dronet5,dronet$dispatch_11_rvv_x60_add_s8_n3136,CPU_E,2,177000.0,176976.625,177000.0,177168.208,23.375,168.208,191.583
0,mlp_control3_dispatch_0,0,1,1,mlp_control3,mlp_control$dispatch_0_rvv_x60_linear_s8_M1xK16xN256,CPU_E,3,177000.0,30000.0,177000.0,177028.625,147000.0,28.625,147028.625
0,dronet5_dispatch_12,12,1,1,dronet5,dronet$dispatch_12_rvv_x60_batchnorm2d_s8_N1xC64xH7xW7,CPU_E,2,178000.0,177168.208,178000.0,178010.208,831.792,10.208,842.0
0,mlp_control3_dispatch_1,1,1,1,mlp_control3,mlp_control$dispatch_1_rvv_x60_elu_s8_n256,CPU_E,3,178000.0,177028.625,178000.0,178019.958,971.375,19.958,991.333
0,dronet5_dispatch_13,13,1,1,dronet5,dronet$dispatch_13_rvv_x60_conv2d_batchnorm2d_s8_noshape,CPU_E,2,179000.0,178010.208,179000.0,179932.25,989.792,932.25,1922.042
0,mlp_control17_dispatch_5,5,1,1,mlp_control17,mlp_control$dispatch_5_rvv_x60_elu_s8_n64,CPU_E,3,179000.0,175006.5,179000.0,179004.792,3993.5,4.792,3998.292
0,dronet5_dispatch_14,14,1,1,dronet5,dronet$dispatch_14_rvv_x60_conv2d_s8_N1xIC128xIH4xIW4xOC128xOH4xOW4xKH3xKW3xSH1xSW1xPH1xPW1,CPU_E,2,180000.0,179932.25,180000.0,181598.417,67.75,1598.417,1666.167
0,mlp_control18_dispatch_0,0,1,1,mlp_control18,mlp_control$dispatch_0_rvv_x60_linear_s8_M1xK16xN256,CPU_E,3,180000.0,180000.0,180000.0,180028.625,0.0,28.625,28.625
0,mlp_control18_dispatch_1,1,1,1,mlp_control18,mlp_control$dispatch_1_rvv_x60_elu_s8_n256,CPU_E,3,181000.0,180028.625,181000.0,181019.958,971.375,19.958,991.333
0,mlp_control18_dispatch_2,2,1,1,mlp_control18,mlp_control$dispatch_2_rvv_x60_linear_s8_M1xK256xN128,CPU_E,3,182000.0,181019.958,182000.0,182017.667,980.042,17.667,997.709
0,mlp_control18_dispatch_3,3,1,1,mlp_control18,mlp_control$dispatch_3_rvv_x60_elu_s8_n128,CPU_E,3,183000.0,182017.667,183000.0,183010.583,982.333,10.583,992.916
0,mlp_control18_dispatch_4,4,1,1,mlp_control18,mlp_control$dispatch_4_rvv_x60_linear_s8_M1xK128xN64,CPU_E,3,184000.0,183010.583,184000.0,184006.5,989.417,6.5,995.917
0,mlp_control18_dispatch_5,5,1,1,mlp_control18,mlp_control$dispatch_5_rvv_x60_elu_s8_n64,CPU_E,3,185000.0,184006.5,185000.0,185004.792,993.5,4.792,998.292
0,mlp_control3_dispatch_2,2,1,1,mlp_control3,mlp_control$dispatch_2_rvv_x60_linear_s8_M1xK256xN128,CPU_E,3,186000.0,178019.958,186000.0,186017.667,7980.042,17.667,7997.709
0,dronet0_dispatch_17,17,1,1,dronet0,dronet$dispatch_17_rvv_x60_relu_s8_n2048,CPU_E,3,187000.0,174106.708,187000.0,187001.125,12893.292,1.125,12894.417
0,dronet1_dispatch_17,17,1,1,dronet1,dronet$dispatch_17_rvv_x60_relu_s8_n2048,CPU_E,3,188000.0,149106.708,188000.0,188001.125,38893.292,1.125,38894.417
0,dronet2_dispatch_17,17,1,1,dronet2,dronet$dispatch_17_rvv_x60_relu_s8_n2048,CPU_E,3,189000.0,150106.708,189000.0,189001.125,38893.292,1.125,38894.417
0,mlp_control19_dispatch_0,0,1,1,mlp_control19,mlp_control$dispatch_0_rvv_x60_linear_s8_M1xK16xN256,CPU_E,3,190000.0,190000.0,190000.0,190028.625,0.0,28.625,28.625
0,mlp_control19_dispatch_1,1,1,1,mlp_control19,mlp_control$dispatch_1_rvv_x60_elu_s8_n256,CPU_E,3,191000.0,190028.625,191000.0,191019.958,971.375,19.958,991.333
0,mlp_control19_dispatch_2,2,1,1,mlp_control19,mlp_control$dispatch_2_rvv_x60_linear_s8_M1xK256xN128,CPU_E,3,192000.0,191019.958,192000.0,192017.667,980.042,17.667,997.709
0,mlp_control19_dispatch_3,3,1,1,mlp_control19,mlp_control$dispatch_3_rvv_x60_elu_s8_n128,CPU_E,3,193000.0,192017.667,193000.0,193010.583,982.333,10.583,992.916
0,mlp_control19_dispatch_4,4,1,1,mlp_control19,mlp_control$dispatch_4_rvv_x60_linear_s8_M1xK128xN64,CPU_E,3,194000.0,193010.583,194000.0,194006.5,989.417,6.5,995.917
0,mlp_control19_dispatch_5,5,1,1,mlp_control19,mlp_control$dispatch_5_rvv_x60_elu_s8_n64,CPU_E,3,195000.0,194006.5,195000.0,195004.792,993.5,4.792,998.292
0,mlp_control15_dispatch_6,6,1,1,mlp_control15,mlp_control$dispatch_6_rvv_x60_linear_s8_M1xK64xN4,CPU_E,3,196000.0,167004.792,196000.0,196001.208,28995.208,1.208,28996.416
0,dronet1_dispatch_19,19,1,1,dronet1,dronet$dispatch_19_rvv_x60_linear_s8_M1xK2048xN1,CPU_E,3,197000.0,188001.125,197000.0,197001.5,8998.875,1.5,9000.375
0,dronet2_dispatch_18,18,1,1,dronet2,dronet$dispatch_18_rvv_x60_linear_s8_M1xK2048xN1,CPU_E,3,198000.0,189001.125,198000.0,198002.542,8998.875,2.542,9001.417
0,mlp_control17_dispatch_6,6,1,1,mlp_control17,mlp_control$dispatch_6_rvv_x60_linear_s8_M1xK64xN4,CPU_E,3,199000.0,179004.792,199000.0,199001.208,19995.208,1.208,19996.416
0,dronet6_dispatch_0,0,1,1,dronet6,dronet$dispatch_0_rvv_x60_conv2d_s8_N1xIC3xIH112xIW112xOC32xOH56xOW56xKH3xKW3xSH2xSW2xPH1xPW1,CPU_P,0,200000.0,199800.0,200000.0,202128.5,200.0,2128.5,2328.5
0,mlp_control0_dispatch_1,1,1,1,mlp_control0,mlp_control$dispatch_1_rvv_x60_elu_s8_n256,CPU_E,3,200000.0,176028.625,200000.0,200019.958,23971.375,19.958,23991.333
0,mlp_control20_dispatch_0,0,1,1,mlp_control20,mlp_control$dispatch_0_rvv_x60_linear_s8_M1xK16xN256,CPU_E,3,201000.0,200000.0,201000.0,201028.625,1000.0,28.625,1028.625
0,dronet6_dispatch_1,1,1,1,dronet6,dronet$dispatch_1_rvv_x60_maxpool2d_s8_N1xC32xIH56xIW56xOH27xOW27xKH3xKW3xSH2xSW2xPH0xPW0xDH1xDW1,CPU_P,1,202000.0,202000.0,202000.0,202803.875,0.0,803.875,803.875
0,mlp_control20_dispatch_1,1,1,1,mlp_control20,mlp_control$dispatch_1_rvv_x60_elu_s8_n256,CPU_E,3,202000.0,201028.625,202000.0,202019.958,971.375,19.958,991.333
0,dronet6_dispatch_2,2,1,1,dronet6,dronet$dispatch_2_rvv_x60_batchnorm2d_s8_N1xC32xH27xW27,CPU_P,2,203000.0,202803.875,203000.0,203133.792,196.125,133.792,329.917
0,dronet6_dispatch_5,5,1,1,dronet6,dronet$dispatch_5_rvv_x60_conv2d_s8_N1xIC32xIH27xIW27xOC32xOH14xOW14xKH1xKW1xSH2xSW2xPH0xPW0,CPU_E,0,203000.0,202803.875,203000.0,203190.417,196.125,190.417,386.542
0,mlp_control20_dispatch_2,2,1,1,mlp_control20,mlp_control$dispatch_2_rvv_x60_linear_s8_M1xK256xN128,CPU_E,3,203000.0,202019.958,203000.0,203017.667,980.042,17.667,997.709
0,dronet6_dispatch_3,3,1,1,dronet6,dronet$dispatch_3_rvv_x60_conv2d_batchnorm2d_s8_noshape,CPU_P,3,204000.0,203133.792,204000.0,205176.125,866.208,1176.125,2042.333
0,mlp_control20_dispatch_3,3,1,1,mlp_control20,mlp_control$dispatch_3_rvv_x60_elu_s8_n128,CPU_E,3,204000.0,203017.667,204000.0,204010.583,982.333,10.583,992.916
0,dronet6_dispatch_4,4,1,1,dronet6,dronet$dispatch_4_rvv_x60_conv2d_s8_N1xIC32xIH14xIW14xOC32xOH14xOW14xKH3xKW3xSH1xSW1xPH1xPW1,CPU_P,3,205000.0,205000.0,205000.0,205772.0,0.0,772.0,772.0
0,mlp_control20_dispatch_4,4,1,1,mlp_control20,mlp_control$dispatch_4_rvv_x60_linear_s8_M1xK128xN64,CPU_E,3,205000.0,204010.583,205000.0,205006.5,989.417,6.5,995.917
0,dronet6_dispatch_6,6,1,1,dronet6,dronet$dispatch_6_rvv_x60_add_s8_n6272,CPU_E,0,206000.0,205772.0,206000.0,206344.292,228.0,344.292,572.292
0,mlp_control20_dispatch_5,5,1,1,mlp_control20,mlp_control$dispatch_5_rvv_x60_elu_s8_n64,CPU_E,3,206000.0,205006.5,206000.0,206004.792,993.5,4.792,998.292
0,dronet6_dispatch_10,10,1,1,dronet6,dronet$dispatch_10_rvv_x60_conv2d_s8_N1xIC32xIH14xIW14xOC64xOH7xOW7xKH1xKW1xSH2xSW2xPH0xPW0,CPU_E,1,207000.0,206344.292,207000.0,207096.625,655.708,96.625,752.333
0,dronet6_dispatch_7,7,1,1,dronet6,dronet$dispatch_7_rvv_x60_batchnorm2d_s8_N1xC32xH14xW14,CPU_E,0,207000.0,206344.292,207000.0,207024.958,655.708,24.958,680.666
0,mlp_control19_dispatch_6,6,1,1,mlp_control19,mlp_control$dispatch_6_rvv_x60_linear_s8_M1xK64xN4,CPU_E,3,207000.0,195004.792,207000.0,207001.208,11995.208,1.208,11996.416
0,dronet1_dispatch_18,18,1,1,dronet1,dronet$dispatch_18_rvv_x60_linear_s8_M1xK2048xN1,CPU_E,3,208000.0,188001.125,208000.0,208002.542,19998.875,2.542,20001.417
0,dronet6_dispatch_8,8,1,1,dronet6,dronet$dispatch_8_rvv_x60_conv2d_batchnorm2d_s8_noshape,CPU_E,0,208000.0,207024.958,208000.0,208744.625,975.042,744.625,1719.667
0,dronet6_dispatch_9,9,1,1,dronet6,dronet$dispatch_9_rvv_x60_conv2d_s8_N1xIC64xIH7xIW7xOC64xOH7xOW7xKH3xKW3xSH1xSW1xPH1xPW1,CPU_E,0,209000.0,208744.625,209000.0,209976.625,255.375,976.625,1232.0
0,mlp_control20_dispatch_6,6,1,1,mlp_control20,mlp_control$dispatch_6_rvv_x60_linear_s8_M1xK64xN4,CPU_E,3,209000.0,206004.792,209000.0,209001.208,2995.208,1.208,2996.416
0,dronet0_dispatch_19,19,1,1,dronet0,dronet$dispatch_19_rvv_x60_linear_s8_M1xK2048xN1,CPU_E,3,210000.0,187001.125,210000.0,210001.5,22998.875,1.5,23000.375
0,dronet6_dispatch_11,11,1,1,dronet6,dronet$dispatch_11_rvv_x60_add_s8_n3136,CPU_E,1,210000.0,209976.625,210000.0,210168.208,23.375,168.208,191.583
0,mlp_control21_dispatch_0,0,1,1,mlp_control21,mlp_control$dispatch_0_rvv_x60_linear_s8_M1xK16xN256,CPU_E,2,210000.0,210000.0,210000.0,210028.625,0.0,28.625,28.625
0,dronet6_dispatch_12,12,1,1,dronet6,dronet$dispatch_12_rvv_x60_batchnorm2d_s8_N1xC64xH7xW7,CPU_E,1,211000.0,210168.208,211000.0,211010.208,831.792,10.208,842.0
0,dronet6_dispatch_15,15,1,1,dronet6,dronet$dispatch_15_rvv_x60_conv2d_s8_N1xIC64xIH7xIW7xOC128xOH4xOW4xKH1xKW1xSH2xSW2xPH0xPW0,CPU_E,2,211000.0,210168.208,211000.0,211109.208,831.792,109.208,941.0
0,mlp_control21_dispatch_1,1,1,1,mlp_control21,mlp_control$dispatch_1_rvv_x60_elu_s8_n256,CPU_E,3,211000.0,210028.625,211000.0,211019.958,971.375,19.958,991.333
0,dronet6_dispatch_13,13,1,1,dronet6,dronet$dispatch_13_rvv_x60_conv2d_batchnorm2d_s8_noshape,CPU_E,1,212000.0,211010.208,212000.0,212932.25,989.792,932.25,1922.042
0,mlp_control21_dispatch_2,2,1,1,mlp_control21,mlp_control$dispatch_2_rvv_x60_linear_s8_M1xK256xN128,CPU_E,3,212000.0,211019.958,212000.0,212017.667,980.042,17.667,997.709
0,dronet6_dispatch_14,14,1,1,dronet6,dronet$dispatch_14_rvv_x60_conv2d_s8_N1xIC128xIH4xIW4xOC128xOH4xOW4xKH3xKW3xSH1xSW1xPH1xPW1,CPU_E,1,213000.0,212932.25,213000.0,214598.417,67.75,1598.417,1666.167
0,mlp_control21_dispatch_3,3,1,1,mlp_control21,mlp_control$dispatch_3_rvv_x60_elu_s8_n128,CPU_E,3,213000.0,212017.667,213000.0,213010.583,982.333,10.583,992.916
0,mlp_control21_dispatch_4,4,1,1,mlp_control21,mlp_control$dispatch_4_rvv_x60_linear_s8_M1xK128xN64,CPU_E,3,214000.0,213010.583,214000.0,214006.5,989.417,6.5,995.917
0,dronet6_dispatch_16,16,1,1,dronet6,dronet$dispatch_16_rvv_x60_add_s8_n2048,CPU_E,2,215000.0,214598.417,215000.0,215106.708,401.583,106.708,508.291
0,mlp_control21_dispatch_5,5,1,1,mlp_control21,mlp_control$dispatch_5_rvv_x60_elu_s8_n64,CPU_E,3,215000.0,214006.5,215000.0,215004.792,993.5,4.792,998.292
0,mlp_control12_dispatch_6,6,1,1,mlp_control12,mlp_control$dispatch_6_rvv_x60_linear_s8_M1xK64xN4,CPU_E,3,216000.0,137004.792,216000.0,216001.208,78995.208,1.208,78996.416
0,mlp_control10_dispatch_6,6,1,1,mlp_control10,mlp_control$dispatch_6_rvv_x60_linear_s8_M1xK64xN4,CPU_E,3,217000.0,136004.792,217000.0,217001.208,80995.208,1.208,80996.416
0,mlp_control13_dispatch_6,6,1,1,mlp_control13,mlp_control$dispatch_6_rvv_x60_linear_s8_M1xK64xN4,CPU_E,3,218000.0,135004.792,218000.0,218001.208,82995.208,1.208,82996.416
0,mlp_control11_dispatch_6,6,1,1,mlp_control11,mlp_control$dispatch_6_rvv_x60_linear_s8_M1xK64xN4,CPU_E,3,219000.0,138004.792,219000.0,219001.208,80995.208,1.208,80996.416
0,dronet2_dispatch_19,19,1,1,dronet2,dronet$dispatch_19_rvv_x60_linear_s8_M1xK2048xN1,CPU_E,3,220000.0,189001.125,220000.0,220001.5,30998.875,1.5,31000.375
0,mlp_control22_dispatch_0,0,1,1,mlp_control22,mlp_control$dispatch_0_rvv_x60_linear_s8_M1xK16xN256,CPU_E,2,220000.0,220000.0,220000.0,220028.625,0.0,28.625,28.625
0,mlp_control22_dispatch_1,1,1,1,mlp_control22,mlp_control$dispatch_1_rvv_x60_elu_s8_n256,CPU_E,3,221000.0,220028.625,221000.0,221019.958,971.375,19.958,991.333
0,mlp_control22_dispatch_2,2,1,1,mlp_control22,mlp_control$dispatch_2_rvv_x60_linear_s8_M1xK256xN128,CPU_E,3,222000.0,221019.958,222000.0,222017.667,980.042,17.667,997.709
0,mlp_control22_dispatch_3,3,1,1,mlp_control22,mlp_control$dispatch_3_rvv_x60_elu_s8_n128,CPU_E,3,223000.0,222017.667,223000.0,223010.583,982.333,10.583,992.916
0,mlp_control22_dispatch_4,4,1,1,mlp_control22,mlp_control$dispatch_4_rvv_x60_linear_s8_M1xK128xN64,CPU_E,3,224000.0,223010.583,224000.0,224006.5,989.417,6.5,995.917
0,mlp_control22_dispatch_5,5,1,1,mlp_control22,mlp_control$dispatch_5_rvv_x60_elu_s8_n64,CPU_E,3,225000.0,224006.5,225000.0,225004.792,993.5,4.792,998.292
0,mlp_control18_dispatch_6,6,1,1,mlp_control18,mlp_control$dispatch_6_rvv_x60_linear_s8_M1xK64xN4,CPU_E,3,226000.0,185004.792,226000.0,226001.208,40995.208,1.208,40996.416
0,mlp_control22_dispatch_6,6,1,1,mlp_control22,mlp_control$dispatch_6_rvv_x60_linear_s8_M1xK64xN4,CPU_E,3,227000.0,225004.792,227000.0,227001.208,1995.208,1.208,1996.416
0,mlp_control21_dispatch_6,6,1,1,mlp_control21,mlp_control$dispatch_6_rvv_x60_linear_s8_M1xK64xN4,CPU_E,3,228000.0,215004.792,228000.0,228001.208,12995.208,1.208,12996.416
0,dronet0_dispatch_18,18,1,1,dronet0,dronet$dispatch_18_rvv_x60_linear_s8_M1xK2048xN1,CPU_E,3,229000.0,187001.125,229000.0,229002.542,41998.875,2.542,42001.417
0,mlp_control0_dispatch_2,2,1,1,mlp_control0,mlp_control$dispatch_2_rvv_x60_linear_s8_M1xK256xN128,CPU_E,3,230000.0,200019.958,230000.0,230017.667,29980.042,17.667,29997.709
0,mlp_control23_dispatch_0,0,1,1,mlp_control23,mlp_control$dispatch_0_rvv_x60_linear_s8_M1xK16xN256,CPU_E,2,230000.0,230000.0,230000.0,230028.625,0.0,28.625,28.625
0,mlp_control3_dispatch_3,3,1,1,mlp_control3,mlp_control$dispatch_3_rvv_x60_elu_s8_n128,CPU_E,3,231000.0,186017.667,231000.0,231010.583,44982.333,10.583,44992.916
0,mlp_control23_dispatch_1,1,1,1,mlp_control23,mlp_control$dispatch_1_rvv_x60_elu_s8_n256,CPU_E,3,232000.0,230028.625,232000.0,232019.958,1971.375,19.958,1991.333
0,dronet7_dispatch_0,0,1,1,dronet7,dronet$dispatch_0_rvv_x60_conv2d_s8_N1xIC3xIH112xIW112xOC32xOH56xOW56xKH3xKW3xSH2xSW2xPH1xPW1,CPU_P,0,233000.0,233000.0,233000.0,235128.5,0.0,2128.5,2128.5
0,mlp_control23_dispatch_2,2,1,1,mlp_control23,mlp_control$dispatch_2_rvv_x60_linear_s8_M1xK256xN128,CPU_E,3,233000.0,232019.958,233000.0,233017.667,980.042,17.667,997.709
0,mlp_control23_dispatch_3,3,1,1,mlp_control23,mlp_control$dispatch_3_rvv_x60_elu_s8_n128,CPU_E,3,234000.0,233017.667,234000.0,234010.583,982.333,10.583,992.916
0,dronet7_dispatch_1,1,1,1,dronet7,dronet$dispatch_1_rvv_x60_maxpool2d_s8_N1xC32xIH56xIW56xOH27xOW27xKH3xKW3xSH2xSW2xPH0xPW0xDH1xDW1,CPU_P,1,235000.0,235000.0,235000.0,235803.875,0.0,803.875,803.875
0,mlp_control23_dispatch_4,4,1,1,mlp_control23,mlp_control$dispatch_4_rvv_x60_linear_s8_M1xK128xN64,CPU_E,3,235000.0,234010.583,235000.0,235006.5,989.417,6.5,995.917
0,dronet7_dispatch_2,2,1,1,dronet7,dronet$dispatch_2_rvv_x60_batchnorm2d_s8_N1xC32xH27xW27,CPU_P,2,236000.0,235803.875,236000.0,236133.792,196.125,133.792,329.917
0,dronet7_dispatch_5,5,1,1,dronet7,dronet$dispatch_5_rvv_x60_conv2d_s8_N1xIC32xIH27xIW27xOC32xOH14xOW14xKH1xKW1xSH2xSW2xPH0xPW0,CPU_P,3,236000.0,235803.875,236000.0,236190.417,196.125,190.417,386.542
0,mlp_control3_dispatch_4,4,1,1,mlp_control3,mlp_control$dispatch_4_rvv_x60_linear_s8_M1xK128xN64,CPU_E,3,236000.0,231010.583,236000.0,236006.5,4989.417,6.5,4995.917
0,dronet7_dispatch_3,3,1,1,dronet7,dronet$dispatch_3_rvv_x60_conv2d_batchnorm2d_s8_noshape,CPU_P,2,237000.0,236133.792,237000.0,238176.125,866.208,1176.125,2042.333
0,mlp_control3_dispatch_5,5,1,1,mlp_control3,mlp_control$dispatch_5_rvv_x60_elu_s8_n64,CPU_E,3,237000.0,236006.5,237000.0,237004.792,993.5,4.792,998.292
0,dronet7_dispatch_4,4,1,1,dronet7,dronet$dispatch_4_rvv_x60_conv2d_s8_N1xIC32xIH14xIW14xOC32xOH14xOW14xKH3xKW3xSH1xSW1xPH1xPW1,CPU_P,2,238000.0,238000.0,238000.0,238772.0,0.0,772.0,772.0
0,mlp_control0_dispatch_3,3,1,1,mlp_control0,mlp_control$dispatch_3_rvv_x60_elu_s8_n128,CPU_E,3,238000.0,230017.667,238000.0,238010.583,7982.333,10.583,7992.916
0,dronet7_dispatch_6,6,1,1,dronet7,dronet$dispatch_6_rvv_x60_add_s8_n6272,CPU_P,3,239000.0,238772.0,239000.0,239344.292,228.0,344.292,572.292
0,mlp_control23_dispatch_5,5,1,1,mlp_control23,mlp_control$dispatch_5_rvv_x60_elu_s8_n64,CPU_E,3,239000.0,235006.5,239000.0,239004.792,3993.5,4.792,3998.292
0,dronet7_dispatch_10,10,1,1,dronet7,dronet$dispatch_10_rvv_x60_conv2d_s8_N1xIC32xIH14xIW14xOC64xOH7xOW7xKH1xKW1xSH2xSW2xPH0xPW0,CPU_E,0,240000.0,239344.292,240000.0,240096.625,655.708,96.625,752.333
0,dronet7_dispatch_7,7,1,1,dronet7,dronet$dispatch_7_rvv_x60_batchnorm2d_s8_N1xC32xH14xW14,CPU_P,3,240000.0,239344.292,240000.0,240024.958,655.708,24.958,680.666
0,mlp_control0_dispatch_4,4,1,1,mlp_control0,mlp_control$dispatch_4_rvv_x60_linear_s8_M1xK128xN64,CPU_E,3,240000.0,238010.583,240000.0,240006.5,1989.417,6.5,1995.917
0,mlp_control24_dispatch_0,0,1,1,mlp_control24,mlp_control$dispatch_0_rvv_x60_linear_s8_M1xK16xN256,CPU_E,2,240000.0,240000.0,240000.0,240028.625,0.0,28.625,28.625
0,dronet7_dispatch_8,8,1,1,dronet7,dronet$dispatch_8_rvv_x60_conv2d_batchnorm2d_s8_noshape,CPU_P,3,241000.0,240024.958,241000.0,241744.625,975.042,744.625,1719.667
0,mlp_control0_dispatch_5,5,1,1,mlp_control0,mlp_control$dispatch_5_rvv_x60_elu_s8_n64,CPU_E,3,241000.0,240006.5,241000.0,241004.792,993.5,4.792,998.292
0,mlp_control24_dispatch_1,1,1,1,mlp_control24,mlp_control$dispatch_1_rvv_x60_elu_s8_n256,CPU_E,2,241000.0,240028.625,241000.0,241019.958,971.375,19.958,991.333
0,dronet7_dispatch_9,9,1,1,dronet7,dronet$dispatch_9_rvv_x60_conv2d_s8_N1xIC64xIH7xIW7xOC64xOH7xOW7xKH3xKW3xSH1xSW1xPH1xPW1,CPU_P,3,242000.0,241744.625,242000.0,242976.625,255.375,976.625,1232.0
0,mlp_control23_dispatch_6,6,1,1,mlp_control23,mlp_control$dispatch_6_rvv_x60_linear_s8_M1xK64xN4,CPU_E,3,242000.0,239004.792,242000.0,242001.208,2995.208,1.208,2996.416
0,mlp_control24_dispatch_2,2,1,1,mlp_control24,mlp_control$dispatch_2_rvv_x60_linear_s8_M1xK256xN128,CPU_E,2,242000.0,241019.958,242000.0,242017.667,980.042,17.667,997.709
0,dronet7_dispatch_11,11,1,1,dronet7,dronet$dispatch_11_rvv_x60_add_s8_n3136,CPU_E,0,243000.0,242976.625,243000.0,243168.208,23.375,168.208,191.583
0,mlp_control24_dispatch_3,3,1,1,mlp_control24,mlp_control$dispatch_3_rvv_x60_elu_s8_n128,CPU_E,3,243000.0,242017.667,243000.0,243010.583,982.333,10.583,992.916
0,dronet7_dispatch_12,12,1,1,dronet7,dronet$dispatch_12_rvv_x60_batchnorm2d_s8_N1xC64xH7xW7,CPU_E,0,244000.0,243168.208,244000.0,244010.208,831.792,10.208,842.0
0,dronet7_dispatch_15,15,1,1,dronet7,dronet$dispatch_15_rvv_x60_conv2d_s8_N1xIC64xIH7xIW7xOC128xOH4xOW4xKH1xKW1xSH2xSW2xPH0xPW0,CPU_E,1,244000.0,243168.208,244000.0,244109.208,831.792,109.208,941.0
0,mlp_control24_dispatch_4,4,1,1,mlp_control24,mlp_control$dispatch_4_rvv_x60_linear_s8_M1xK128xN64,CPU_E,3,244000.0,243010.583,244000.0,244006.5,989.417,6.5,995.917
0,dronet7_dispatch_13,13,1,1,dronet7,dronet$dispatch_13_rvv_x60_conv2d_batchnorm2d_s8_noshape,CPU_E,0,245000.0,244010.208,245000.0,245932.25,989.792,932.25,1922.042
0,mlp_control24_dispatch_5,5,1,1,mlp_control24,mlp_control$dispatch_5_rvv_x60_elu_s8_n64,CPU_E,3,245000.0,244006.5,245000.0,245004.792,993.5,4.792,998.292
0,dronet7_dispatch_14,14,1,1,dronet7,dronet$dispatch_14_rvv_x60_conv2d_s8_N1xIC128xIH4xIW4xOC128xOH4xOW4xKH3xKW3xSH1xSW1xPH1xPW1,CPU_E,0,246000.0,245932.25,246000.0,247598.417,67.75,1598.417,1666.167
0,mlp_control24_dispatch_6,6,1,1,mlp_control24,mlp_control$dispatch_6_rvv_x60_linear_s8_M1xK64xN4,CPU_E,3,246000.0,245004.792,246000.0,246001.208,995.208,1.208,996.416
0,mlp_control14_dispatch_6,6,1,1,mlp_control14,mlp_control$dispatch_6_rvv_x60_linear_s8_M1xK64xN4,CPU_E,3,247000.0,168004.792,247000.0,247001.208,78995.208,1.208,78996.416
0,dronet7_dispatch_16,16,1,1,dronet7,dronet$dispatch_16_rvv_x60_add_s8_n2048,CPU_E,0,248000.0,247598.417,248000.0,248106.708,401.583,106.708,508.291
0,mlp_control3_dispatch_6,6,1,1,mlp_control3,mlp_control$dispatch_6_rvv_x60_linear_s8_M1xK64xN4,CPU_E,3,248000.0,237004.792,248000.0,248001.208,10995.208,1.208,10996.416
0,mlp_control16_dispatch_6,6,1,1,mlp_control16,mlp_control$dispatch_6_rvv_x60_linear_s8_M1xK64xN4,CPU_E,3,249000.0,169004.792,249000.0,249001.208,79995.208,1.208,79996.416
0,mlp_control0_dispatch_6,6,1,1,mlp_control0,mlp_control$dispatch_6_rvv_x60_linear_s8_M1xK64xN4,CPU_E,3,250000.0,241004.792,250000.0,250001.208,8995.208,1.208,8996.416
0,mlp_control25_dispatch_0,0,1,1,mlp_control25,mlp_control$dispatch_0_rvv_x60_linear_s8_M1xK16xN256,CPU_E,0,250000.0,250000.0,250000.0,250028.625,0.0,28.625,28.625
0,dronet3_dispatch_7,7,1,1,dronet3,dronet$dispatch_7_rvv_x60_batchnorm2d_s8_N1xC32xH14xW14,CPU_E,3,251000.0,106344.292,251000.0,251024.958,144655.708,24.958,144680.666
0,mlp_control25_dispatch_1,1,1,1,mlp_control25,mlp_control$dispatch_1_rvv_x60_elu_s8_n256,CPU_E,1,251000.0,250028.625,251000.0,251019.958,971.375,19.958,991.333
0,dronet3_dispatch_8,8,1,1,dronet3,dronet$dispatch_8_rvv_x60_conv2d_batchnorm2d_s8_noshape,CPU_E,3,252000.0,251024.958,252000.0,252744.625,975.042,744.625,1719.667
0,mlp_control25_dispatch_2,2,1,1,mlp_control25,mlp_control$dispatch_2_rvv_x60_linear_s8_M1xK256xN128,CPU_E,2,252000.0,251019.958,252000.0,252017.667,980.042,17.667,997.709
0,dronet3_dispatch_9,9,1,1,dronet3,dronet$dispatch_9_rvv_x60_conv2d_s8_N1xIC64xIH7xIW7xOC64xOH7xOW7xKH3xKW3xSH1xSW1xPH1xPW1,CPU_E,3,253000.0,252744.625,253000.0,253976.625,255.375,976.625,1232.0
0,mlp_control25_dispatch_3,3,1,1,mlp_control25,mlp_control$dispatch_3_rvv_x60_elu_s8_n128,CPU_E,2,253000.0,252017.667,253000.0,253010.583,982.333,10.583,992.916
0,dronet3_dispatch_11,11,1,1,dronet3,dronet$dispatch_11_rvv_x60_add_s8_n3136,CPU_E,3,254000.0,253976.625,254000.0,254168.208,23.375,168.208,191.583
0,mlp_control25_dispatch_4,4,1,1,mlp_control25,mlp_control$dispatch_4_rvv_x60_linear_s8_M1xK128xN64,CPU_E,2,254000.0,253010.583,254000.0,254006.5,989.417,6.5,995.917
0,dronet3_dispatch_12,12,1,1,dronet3,dronet$dispatch_12_rvv_x60_batchnorm2d_s8_N1xC64xH7xW7,CPU_E,3,255000.0,254168.208,255000.0,255010.208,831.792,10.208,842.0
0,dronet3_dispatch_13,13,1,1,dronet3,dronet$dispatch_13_rvv_x60_conv2d_batchnorm2d_s8_noshape,CPU_E,3,256000.0,255010.208,256000.0,256932.25,989.792,932.25,1922.042
0,dronet3_dispatch_14,14,1,1,dronet3,dronet$dispatch_14_rvv_x60_conv2d_s8_N1xIC128xIH4xIW4xOC128xOH4xOW4xKH3xKW3xSH1xSW1xPH1xPW1,CPU_E,3,257000.0,256932.25,257000.0,258598.417,67.75,1598.417,1666.167
0,dronet3_dispatch_15,15,1,1,dronet3,dronet$dispatch_15_rvv_x60_conv2d_s8_N1xIC64xIH7xIW7xOC128xOH4xOW4xKH1xKW1xSH2xSW2xPH0xPW0,CPU_E,3,259000.0,254168.208,259000.0,259109.208,4831.792,109.208,4941.0
0,dronet3_dispatch_16,16,1,1,dronet3,dronet$dispatch_16_rvv_x60_add_s8_n2048,CPU_E,3,260000.0,259109.208,260000.0,260106.708,890.792,106.708,997.5
0,mlp_control26_dispatch_0,0,1,1,mlp_control26,mlp_control$dispatch_0_rvv_x60_linear_s8_M1xK16xN256,CPU_E,0,260000.0,260000.0,260000.0,260028.625,0.0,28.625,28.625
0,dronet3_dispatch_17,17,1,1,dronet3,dronet$dispatch_17_rvv_x60_relu_s8_n2048,CPU_E,3,261000.0,260106.708,261000.0,261001.125,893.292,1.125,894.417
0,mlp_control26_dispatch_1,1,1,1,mlp_control26,mlp_control$dispatch_1_rvv_x60_elu_s8_n256,CPU_E,1,261000.0,260028.625,261000.0,261019.958,971.375,19.958,991.333
0,dronet6_dispatch_17,17,1,1,dronet6,dronet$dispatch_17_rvv_x60_relu_s8_n2048,CPU_E,3,262000.0,215106.708,262000.0,262001.125,46893.292,1.125,46894.417
0,mlp_control26_dispatch_2,2,1,1,mlp_control26,mlp_control$dispatch_2_rvv_x60_linear_s8_M1xK256xN128,CPU_E,1,262000.0,261019.958,262000.0,262017.667,980.042,17.667,997.709
0,dronet3_dispatch_19,19,1,1,dronet3,dronet$dispatch_19_rvv_x60_linear_s8_M1xK2048xN1,CPU_E,3,263000.0,261001.125,263000.0,263001.5,1998.875,1.5,2000.375
0,mlp_control26_dispatch_3,3,1,1,mlp_control26,mlp_control$dispatch_3_rvv_x60_elu_s8_n128,CPU_E,1,263000.0,262017.667,263000.0,263010.583,982.333,10.583,992.916
0,dronet6_dispatch_19,19,1,1,dronet6,dronet$dispatch_19_rvv_x60_linear_s8_M1xK2048xN1,CPU_E,3,264000.0,262001.125,264000.0,264001.5,1998.875,1.5,2000.375
0,mlp_control26_dispatch_4,4,1,1,mlp_control26,mlp_control$dispatch_4_rvv_x60_linear_s8_M1xK128xN64,CPU_E,2,264000.0,263010.583,264000.0,264006.5,989.417,6.5,995.917
0,dronet3_dispatch_20,20,1,1,dronet3,dronet$dispatch_20_rvv_x60_sigmoid_s8_n1,CPU_E,3,265000.0,263001.5,265000.0,265001.0,1998.5,1.0,1999.5
0,mlp_control26_dispatch_5,5,1,1,mlp_control26,mlp_control$dispatch_5_rvv_x60_elu_s8_n64,CPU_E,2,265000.0,264006.5,265000.0,265004.792,993.5,4.792,998.292
0,dronet1_dispatch_20,20,1,1,dronet1,dronet$dispatch_20_rvv_x60_sigmoid_s8_n1,CPU_E,3,266000.0,197001.5,266000.0,266001.0,68998.5,1.0,68999.5
0,dronet8_dispatch_0,0,1,1,dronet8,dronet$dispatch_0_rvv_x60_conv2d_s8_N1xIC3xIH112xIW112xOC32xOH56xOW56xKH3xKW3xSH2xSW2xPH1xPW1,CPU_P,0,266000.0,266000.0,266000.0,268128.5,0.0,2128.5,2128.5
0,dronet6_dispatch_20,20,1,1,dronet6,dronet$dispatch_20_rvv_x60_sigmoid_s8_n1,CPU_E,3,267000.0,264001.5,267000.0,267001.0,2998.5,1.0,2999.5
0,dronet2_dispatch_20,20,1,1,dronet2,dronet$dispatch_20_rvv_x60_sigmoid_s8_n1,CPU_E,3,268000.0,220001.5,268000.0,268001.0,47998.5,1.0,47999.5
0,dronet4_dispatch_10,10,1,1,dronet4,dronet$dispatch_10_rvv_x60_conv2d_s8_N1xIC32xIH14xIW14xOC64xOH7xOW7xKH1xKW1xSH2xSW2xPH0xPW0,CPU_E,3,269000.0,139344.292,269000.0,269096.625,129655.708,96.625,129752.333
0,dronet8_dispatch_1,1,1,1,dronet8,dronet$dispatch_1_rvv_x60_maxpool2d_s8_N1xC32xIH56xIW56xOH27xOW27xKH3xKW3xSH2xSW2xPH0xPW0xDH1xDW1,CPU_P,1,269000.0,268128.5,269000.0,269803.875,871.5,803.875,1675.375
0,dronet0_dispatch_20,20,1,1,dronet0,dronet$dispatch_20_rvv_x60_sigmoid_s8_n1,CPU_E,3,270000.0,210001.5,270000.0,270001.0,59998.5,1.0,59999.5
0,dronet8_dispatch_2,2,1,1,dronet8,dronet$dispatch_2_rvv_x60_batchnorm2d_s8_N1xC32xH27xW27,CPU_P,1,270000.0,269803.875,270000.0,270133.792,196.125,133.792,329.917
0,dronet8_dispatch_5,5,1,1,dronet8,dronet$dispatch_5_rvv_x60_conv2d_s8_N1xIC32xIH27xIW27xOC32xOH14xOW14xKH1xKW1xSH2xSW2xPH0xPW0,CPU_P,2,270000.0,269803.875,270000.0,270190.417,196.125,190.417,386.542
0,mlp_control27_dispatch_0,0,1,1,mlp_control27,mlp_control$dispatch_0_rvv_x60_linear_s8_M1xK16xN256,CPU_E,0,270000.0,270000.0,270000.0,270028.625,0.0,28.625,28.625
0,dronet4_dispatch_11,11,1,1,dronet4,dronet$dispatch_11_rvv_x60_add_s8_n3136,CPU_E,3,271000.0,269096.625,271000.0,271168.208,1903.375,168.208,2071.583
0,dronet8_dispatch_3,3,1,1,dronet8,dronet$dispatch_3_rvv_x60_conv2d_batchnorm2d_s8_noshape,CPU_P,1,271000.0,270133.792,271000.0,272176.125,866.208,1176.125,2042.333
0,mlp_control27_dispatch_1,1,1,1,mlp_control27,mlp_control$dispatch_1_rvv_x60_elu_s8_n256,CPU_E,0,271000.0,270028.625,271000.0,271019.958,971.375,19.958,991.333
0,dronet4_dispatch_12,12,1,1,dronet4,dronet$dispatch_12_rvv_x60_batchnorm2d_s8_N1xC64xH7xW7,CPU_E,3,272000.0,271168.208,272000.0,272010.208,831.792,10.208,842.0
0,dronet8_dispatch_4,4,1,1,dronet8,dronet$dispatch_4_rvv_x60_conv2d_s8_N1xIC32xIH14xIW14xOC32xOH14xOW14xKH3xKW3xSH1xSW1xPH1xPW1,CPU_P,1,272000.0,272000.0,272000.0,272772.0,0.0,772.0,772.0
0,mlp_control27_dispatch_2,2,1,1,mlp_control27,mlp_control$dispatch_2_rvv_x60_linear_s8_M1xK256xN128,CPU_E,0,272000.0,271019.958,272000.0,272017.667,980.042,17.667,997.709
0,dronet4_dispatch_13,13,1,1,dronet4,dronet$dispatch_13_rvv_x60_conv2d_batchnorm2d_s8_noshape,CPU_E,3,273000.0,272010.208,273000.0,273932.25,989.792,932.25,1922.042
0,dronet8_dispatch_6,6,1,1,dronet8,dronet$dispatch_6_rvv_x60_add_s8_n6272,CPU_P,2,273000.0,272772.0,273000.0,273344.292,228.0,344.292,572.292
0,mlp_control27_dispatch_3,3,1,1,mlp_control27,mlp_control$dispatch_3_rvv_x60_elu_s8_n128,CPU_E,1,273000.0,272017.667,273000.0,273010.583,982.333,10.583,992.916
0,dronet4_dispatch_14,14,1,1,dronet4,dronet$dispatch_14_rvv_x60_conv2d_s8_N1xIC128xIH4xIW4xOC128xOH4xOW4xKH3xKW3xSH1xSW1xPH1xPW1,CPU_E,3,274000.0,273932.25,274000.0,275598.417,67.75,1598.417,1666.167
0,dronet8_dispatch_10,10,1,1,dronet8,dronet$dispatch_10_rvv_x60_conv2d_s8_N1xIC32xIH14xIW14xOC64xOH7xOW7xKH1xKW1xSH2xSW2xPH0xPW0,CPU_P,3,274000.0,273344.292,274000.0,274096.625,655.708,96.625,752.333
0,dronet8_dispatch_7,7,1,1,dronet8,dronet$dispatch_7_rvv_x60_batchnorm2d_s8_N1xC32xH14xW14,CPU_P,2,274000.0,273344.292,274000.0,274024.958,655.708,24.958,680.666
0,mlp_control27_dispatch_4,4,1,1,mlp_control27,mlp_control$dispatch_4_rvv_x60_linear_s8_M1xK128xN64,CPU_E,1,274000.0,273010.583,274000.0,274006.5,989.417,6.5,995.917
0,dronet8_dispatch_8,8,1,1,dronet8,dronet$dispatch_8_rvv_x60_conv2d_batchnorm2d_s8_noshape,CPU_P,2,275000.0,274024.958,275000.0,275744.625,975.042,744.625,1719.667
0,mlp_control27_dispatch_5,5,1,1,mlp_control27,mlp_control$dispatch_5_rvv_x60_elu_s8_n64,CPU_E,1,275000.0,274006.5,275000.0,275004.792,993.5,4.792,998.292
0,dronet4_dispatch_15,15,1,1,dronet4,dronet$dispatch_15_rvv_x60_conv2d_s8_N1xIC64xIH7xIW7xOC128xOH4xOW4xKH1xKW1xSH2xSW2xPH0xPW0,CPU_E,3,276000.0,271168.208,276000.0,276109.208,4831.792,109.208,4941.0
0,dronet8_dispatch_9,9,1,1,dronet8,dronet$dispatch_9_rvv_x60_conv2d_s8_N1xIC64xIH7xIW7xOC64xOH7xOW7xKH3xKW3xSH1xSW1xPH1xPW1,CPU_P,2,276000.0,275744.625,276000.0,276976.625,255.375,976.625,1232.0
0,dronet5_dispatch_15,15,1,1,dronet5,dronet$dispatch_15_rvv_x60_conv2d_s8_N1xIC64xIH7xIW7xOC128xOH4xOW4xKH1xKW1xSH2xSW2xPH0xPW0,CPU_E,3,277000.0,177168.208,277000.0,277109.208,99831.792,109.208,99941.0
0,dronet8_dispatch_11,11,1,1,dronet8,dronet$dispatch_11_rvv_x60_add_s8_n3136,CPU_P,2,277000.0,276976.625,277000.0,277168.208,23.375,168.208,191.583
0,dronet4_dispatch_16,16,1,1,dronet4,dronet$dispatch_16_rvv_x60_add_s8_n2048,CPU_E,3,278000.0,276109.208,278000.0,278106.708,1890.792,106.708,1997.5
0,dronet8_dispatch_12,12,1,1,dronet8,dronet$dispatch_12_rvv_x60_batchnorm2d_s8_N1xC64xH7xW7,CPU_P,2,278000.0,277168.208,278000.0,278010.208,831.792,10.208,842.0
0,dronet8_dispatch_15,15,1,1,dronet8,dronet$dispatch_15_rvv_x60_conv2d_s8_N1xIC64xIH7xIW7xOC128xOH4xOW4xKH1xKW1xSH2xSW2xPH0xPW0,CPU_P,3,278000.0,277168.208,278000.0,278109.208,831.792,109.208,941.0
0,dronet5_dispatch_16,16,1,1,dronet5,dronet$dispatch_16_rvv_x60_add_s8_n2048,CPU_E,3,279000.0,277109.208,279000.0,279106.708,1890.792,106.708,1997.5
0,dronet8_dispatch_13,13,1,1,dronet8,dronet$dispatch_13_rvv_x60_conv2d_batchnorm2d_s8_noshape,CPU_P,2,279000.0,278010.208,279000.0,279932.25,989.792,932.25,1922.042
0,dronet7_dispatch_17,17,1,1,dronet7,dronet$dispatch_17_rvv_x60_relu_s8_n2048,CPU_E,3,280000.0,248106.708,280000.0,280001.125,31893.292,1.125,31894.417
0,mlp_control28_dispatch_0,0,1,1,mlp_control28,mlp_control$dispatch_0_rvv_x60_linear_s8_M1xK16xN256,CPU_P,2,280000.0,280000.0,280000.0,280028.625,0.0,28.625,28.625
0,dronet5_dispatch_17,17,1,1,dronet5,dronet$dispatch_17_rvv_x60_relu_s8_n2048,CPU_E,3,281000.0,279106.708,281000.0,281001.125,1893.292,1.125,1894.417
0,dronet8_dispatch_14,14,1,1,dronet8,dronet$dispatch_14_rvv_x60_conv2d_s8_N1xIC128xIH4xIW4xOC128xOH4xOW4xKH3xKW3xSH1xSW1xPH1xPW1,CPU_P,2,281000.0,279932.25,281000.0,282598.417,1067.75,1598.417,2666.167
0,mlp_control28_dispatch_1,1,1,1,mlp_control28,mlp_control$dispatch_1_rvv_x60_elu_s8_n256,CPU_P,3,281000.0,280028.625,281000.0,281019.958,971.375,19.958,991.333
0,dronet4_dispatch_17,17,1,1,dronet4,dronet$dispatch_17_rvv_x60_relu_s8_n2048,CPU_E,3,282000.0,278106.708,282000.0,282001.125,3893.292,1.125,3894.417
0,mlp_control28_dispatch_2,2,1,1,mlp_control28,mlp_control$dispatch_2_rvv_x60_linear_s8_M1xK256xN128,CPU_E,0,282000.0,281019.958,282000.0,282017.667,980.042,17.667,997.709
0,dronet7_dispatch_19,19,1,1,dronet7,dronet$dispatch_19_rvv_x60_linear_s8_M1xK2048xN1,CPU_E,3,283000.0,280001.125,283000.0,283001.5,2998.875,1.5,3000.375
0,dronet8_dispatch_16,16,1,1,dronet8,dronet$dispatch_16_rvv_x60_add_s8_n2048,CPU_P,2,283000.0,282598.417,283000.0,283106.708,401.583,106.708,508.291
0,mlp_control28_dispatch_3,3,1,1,mlp_control28,mlp_control$dispatch_3_rvv_x60_elu_s8_n128,CPU_E,0,283000.0,282017.667,283000.0,283010.583,982.333,10.583,992.916
0,dronet8_dispatch_17,17,1,1,dronet8,dronet$dispatch_17_rvv_x60_relu_s8_n2048,CPU_E,1,284000.0,283106.708,284000.0,284001.125,893.292,1.125,894.417
0,mlp_control25_dispatch_5,5,1,1,mlp_control25,mlp_control$dispatch_5_rvv_x60_elu_s8_n64,CPU_E,3,284000.0,254006.5,284000.0,284004.792,29993.5,4.792,29998.292
0,mlp_control28_dispatch_4,4,1,1,mlp_control28,mlp_control$dispatch_4_rvv_x60_linear_s8_M1xK128xN64,CPU_E,0,284000.0,283010.583,284000.0,284006.5,989.417,6.5,995.917
0,dronet4_dispatch_19,19,1,1,dronet4,dronet$dispatch_19_rvv_x60_linear_s8_M1xK2048xN1,CPU_E,3,285000.0,282001.125,285000.0,285001.5,2998.875,1.5,3000.375
0,dronet8_dispatch_18,18,1,1,dronet8,dronet$dispatch_18_rvv_x60_linear_s8_M1xK2048xN1,CPU_E,1,285000.0,284001.125,285000.0,285002.542,998.875,2.542,1001.417
0,dronet8_dispatch_19,19,1,1,dronet8,dronet$dispatch_19_rvv_x60_linear_s8_M1xK2048xN1,CPU_E,2,285000.0,284001.125,285000.0,285001.5,998.875,1.5,1000.375
0,mlp_control28_dispatch_5,5,1,1,mlp_control28,mlp_control$dispatch_5_rvv_x60_elu_s8_n64,CPU_E,0,285000.0,284006.5,285000.0,285004.792,993.5,4.792,998.292
0,dronet5_dispatch_19,19,1,1,dronet5,dronet$dispatch_19_rvv_x60_linear_s8_M1xK2048xN1,CPU_E,3,286000.0,281001.125,286000.0,286001.5,4998.875,1.5,5000.375
0,dronet8_dispatch_20,20,1,1,dronet8,dronet$dispatch_20_rvv_x60_sigmoid_s8_n1,CPU_E,2,286000.0,285001.5,286000.0,286001.0,998.5,1.0,999.5
0,mlp_control28_dispatch_6,6,1,1,mlp_control28,mlp_control$dispatch_6_rvv_x60_linear_s8_M1xK64xN4,CPU_E,0,286000.0,285004.792,286000.0,286001.208,995.208,1.208,996.416
0,dronet3_dispatch_18,18,1,1,dronet3,dronet$dispatch_18_rvv_x60_linear_s8_M1xK2048xN1,CPU_E,3,287000.0,261001.125,287000.0,287002.542,25998.875,2.542,26001.417
0,mlp_control26_dispatch_6,6,1,1,mlp_control26,mlp_control$dispatch_6_rvv_x60_linear_s8_M1xK64xN4,CPU_E,3,288000.0,265004.792,288000.0,288001.208,22995.208,1.208,22996.416
0,dronet6_dispatch_18,18,1,1,dronet6,dronet$dispatch_18_rvv_x60_linear_s8_M1xK2048xN1,CPU_E,3,289000.0,262001.125,289000.0,289002.542,26998.875,2.542,27001.417
0,dronet7_dispatch_20,20,1,1,dronet7,dronet$dispatch_20_rvv_x60_sigmoid_s8_n1,CPU_E,3,290000.0,283001.5,290000.0,290001.0,6998.5,1.0,6999.5
0,mlp_control29_dispatch_0,0,1,1,mlp_control29,mlp_control$dispatch_0_rvv_x60_linear_s8_M1xK16xN256,CPU_P,2,290000.0,290000.0,290000.0,290028.625,0.0,28.625,28.625
0,mlp_control27_dispatch_6,6,1,1,mlp_control27,mlp_control$dispatch_6_rvv_x60_linear_s8_M1xK64xN4,CPU_E,3,291000.0,275004.792,291000.0,291001.208,15995.208,1.208,15996.416
0,mlp_control29_dispatch_1,1,1,1,mlp_control29,mlp_control$dispatch_1_rvv_x60_elu_s8_n256,CPU_P,3,291000.0,290028.625,291000.0,291019.958,971.375,19.958,991.333
0,dronet4_dispatch_18,18,1,1,dronet4,dronet$dispatch_18_rvv_x60_linear_s8_M1xK2048xN1,CPU_E,3,292000.0,282001.125,292000.0,292002.542,9998.875,2.542,10001.417
0,mlp_control29_dispatch_2,2,1,1,mlp_control29,mlp_control$dispatch_2_rvv_x60_linear_s8_M1xK256xN128,CPU_P,3,292000.0,291019.958,292000.0,292017.667,980.042,17.667,997.709
0,dronet5_dispatch_18,18,1,1,dronet5,dronet$dispatch_18_rvv_x60_linear_s8_M1xK2048xN1,CPU_E,3,293000.0,281001.125,293000.0,293002.542,11998.875,2.542,12001.417
0,mlp_control29_dispatch_3,3,1,1,mlp_control29,mlp_control$dispatch_3_rvv_x60_elu_s8_n128,CPU_P,3,293000.0,292017.667,293000.0,293010.583,982.333,10.583,992.916
0,dronet7_dispatch_18,18,1,1,dronet7,dronet$dispatch_18_rvv_x60_linear_s8_M1xK2048xN1,CPU_E,3,294000.0,280001.125,294000.0,294002.542,13998.875,2.542,14001.417
0,mlp_control29_dispatch_4,4,1,1,mlp_control29,mlp_control$dispatch_4_rvv_x60_linear_s8_M1xK128xN64,CPU_P,3,294000.0,293010.583,294000.0,294006.5,989.417,6.5,995.917
0,dronet5_dispatch_20,20,1,1,dronet5,dronet$dispatch_20_rvv_x60_sigmoid_s8_n1,CPU_E,3,295000.0,286001.5,295000.0,295001.0,8998.5,1.0,8999.5
0,mlp_control29_dispatch_5,5,1,1,mlp_control29,mlp_control$dispatch_5_rvv_x60_elu_s8_n64,CPU_P,3,295000.0,294006.5,295000.0,295004.792,993.5,4.792,998.292
0,mlp_control25_dispatch_6,6,1,1,mlp_control25,mlp_control$dispatch_6_rvv_x60_linear_s8_M1xK64xN4,CPU_E,3,296000.0,284004.792,296000.0,296001.208,11995.208,1.208,11996.416
0,mlp_control29_dispatch_6,6,1,1,mlp_control29,mlp_control$dispatch_6_rvv_x60_linear_s8_M1xK64xN4,CPU_P,3,296000.0,295004.792,296000.0,296001.208,995.208,1.208,996.416
0,dronet4_dispatch_20,20,1,1,dronet4,dronet$dispatch_20_rvv_x60_sigmoid_s8_n1,CPU_E,3,297000.0,285001.5,297000.0,297001.0,11998.5,1.0,11999.5
0,dronet9_dispatch_0,0,1,1,dronet9,dronet$dispatch_0_rvv_x60_conv2d_s8_N1xIC3xIH112xIW112xOC32xOH56xOW56xKH3xKW3xSH2xSW2xPH1xPW1,CPU_P,0,300000.0,299700.0,300000.0,302128.5,300.0,2128.5,2428.5
0,mlp_control30_dispatch_0,0,1,1,mlp_control30,mlp_control$dispatch_0_rvv_x60_linear_s8_M1xK16xN256,CPU_P,2,300000.0,300000.0,300000.0,300028.625,0.0,28.625,28.625
0,mlp_control30_dispatch_1,1,1,1,mlp_control30,mlp_control$dispatch_1_rvv_x60_elu_s8_n256,CPU_P,2,301000.0,300028.625,301000.0,301019.958,971.375,19.958,991.333
0,dronet9_dispatch_1,1,1,1,dronet9,dronet$dispatch_1_rvv_x60_maxpool2d_s8_N1xC32xIH56xIW56xOH27xOW27xKH3xKW3xSH2xSW2xPH0xPW0xDH1xDW1,CPU_P,0,302000.0,302000.0,302000.0,302803.875,0.0,803.875,803.875
0,mlp_control30_dispatch_2,2,1,1,mlp_control30,mlp_control$dispatch_2_rvv_x60_linear_s8_M1xK256xN128,CPU_P,2,302000.0,301019.958,302000.0,302017.667,980.042,17.667,997.709
0,dronet9_dispatch_2,2,1,1,dronet9,dronet$dispatch_2_rvv_x60_batchnorm2d_s8_N1xC32xH27xW27,CPU_P,0,303000.0,302803.875,303000.0,303133.792,196.125,133.792,329.917
0,dronet9_dispatch_5,5,1,1,dronet9,dronet$dispatch_5_rvv_x60_conv2d_s8_N1xIC32xIH27xIW27xOC32xOH14xOW14xKH1xKW1xSH2xSW2xPH0xPW0,CPU_P,1,303000.0,302803.875,303000.0,303190.417,196.125,190.417,386.542
0,mlp_control30_dispatch_3,3,1,1,mlp_control30,mlp_control$dispatch_3_rvv_x60_elu_s8_n128,CPU_P,2,303000.0,302017.667,303000.0,303010.583,982.333,10.583,992.916
0,dronet9_dispatch_3,3,1,1,dronet9,dronet$dispatch_3_rvv_x60_conv2d_batchnorm2d_s8_noshape,CPU_P,0,304000.0,303133.792,304000.0,305176.125,866.208,1176.125,2042.333
0,mlp_control30_dispatch_4,4,1,1,mlp_control30,mlp_control$dispatch_4_rvv_x60_linear_s8_M1xK128xN64,CPU_P,2,304000.0,303010.583,304000.0,304006.5,989.417,6.5,995.917
0,dronet9_dispatch_4,4,1,1,dronet9,dronet$dispatch_4_rvv_x60_conv2d_s8_N1xIC32xIH14xIW14xOC32xOH14xOW14xKH3xKW3xSH1xSW1xPH1xPW1,CPU_P,0,305000.0,305000.0,305000.0,305772.0,0.0,772.0,772.0
0,mlp_control30_dispatch_5,5,1,1,mlp_control30,mlp_control$dispatch_5_rvv_x60_elu_s8_n64,CPU_P,2,305000.0,304006.5,305000.0,305004.792,993.5,4.792,998.292
0,dronet9_dispatch_6,6,1,1,dronet9,dronet$dispatch_6_rvv_x60_add_s8_n6272,CPU_P,0,306000.0,305772.0,306000.0,306344.292,228.0,344.292,572.292
0,mlp_control30_dispatch_6,6,1,1,mlp_control30,mlp_control$dispatch_6_rvv_x60_linear_s8_M1xK64xN4,CPU_P,3,306000.0,305004.792,306000.0,306001.208,995.208,1.208,996.416
0,dronet9_dispatch_10,10,1,1,dronet9,dronet$dispatch_10_rvv_x60_conv2d_s8_N1xIC32xIH14xIW14xOC64xOH7xOW7xKH1xKW1xSH2xSW2xPH0xPW0,CPU_E,3,307000.0,306344.292,307000.0,307096.625,655.708,96.625,752.333
0,dronet9_dispatch_7,7,1,1,dronet9,dronet$dispatch_7_rvv_x60_batchnorm2d_s8_N1xC32xH14xW14,CPU_P,0,307000.0,306344.292,307000.0,307024.958,655.708,24.958,680.666
0,dronet9_dispatch_8,8,1,1,dronet9,dronet$dispatch_8_rvv_x60_conv2d_batchnorm2d_s8_noshape,CPU_P,0,308000.0,307024.958,308000.0,308744.625,975.042,744.625,1719.667
0,dronet9_dispatch_9,9,1,1,dronet9,dronet$dispatch_9_rvv_x60_conv2d_s8_N1xIC64xIH7xIW7xOC64xOH7xOW7xKH3xKW3xSH1xSW1xPH1xPW1,CPU_P,0,309000.0,308744.625,309000.0,309976.625,255.375,976.625,1232.0
0,dronet9_dispatch_11,11,1,1,dronet9,dronet$dispatch_11_rvv_x60_add_s8_n3136,CPU_E,3,310000.0,309976.625,310000.0,310168.208,23.375,168.208,191.583
0,mlp_control31_dispatch_0,0,1,1,mlp_control31,mlp_control$dispatch_0_rvv_x60_linear_s8_M1xK16xN256,CPU_P,0,310000.0,310000.0,310000.0,310028.625,0.0,28.625,28.625
0,dronet9_dispatch_12,12,1,1,dronet9,dronet$dispatch_12_rvv_x60_batchnorm2d_s8_N1xC64xH7xW7,CPU_P,1,311000.0,310168.208,311000.0,311010.208,831.792,10.208,842.0
0,dronet9_dispatch_15,15,1,1,dronet9,dronet$dispatch_15_rvv_x60_conv2d_s8_N1xIC64xIH7xIW7xOC128xOH4xOW4xKH1xKW1xSH2xSW2xPH0xPW0,CPU_E,3,311000.0,310168.208,311000.0,311109.208,831.792,109.208,941.0
0,mlp_control31_dispatch_1,1,1,1,mlp_control31,mlp_control$dispatch_1_rvv_x60_elu_s8_n256,CPU_P,0,311000.0,310028.625,311000.0,311019.958,971.375,19.958,991.333
0,dronet9_dispatch_13,13,1,1,dronet9,dronet$dispatch_13_rvv_x60_conv2d_batchnorm2d_s8_noshape,CPU_E,1,312000.0,311010.208,312000.0,312932.25,989.792,932.25,1922.042
0,mlp_control31_dispatch_2,2,1,1,mlp_control31,mlp_control$dispatch_2_rvv_x60_linear_s8_M1xK256xN128,CPU_P,0,312000.0,311019.958,312000.0,312017.667,980.042,17.667,997.709
0,dronet9_dispatch_14,14,1,1,dronet9,dronet$dispatch_14_rvv_x60_conv2d_s8_N1xIC128xIH4xIW4xOC128xOH4xOW4xKH3xKW3xSH1xSW1xPH1xPW1,CPU_P,0,313000.0,312932.25,313000.0,314598.417,67.75,1598.417,1666.167
0,dronet9_dispatch_16,16,1,1,dronet9,dronet$dispatch_16_rvv_x60_add_s8_n2048,CPU_E,3,315000.0,314598.417,315000.0,315106.708,401.583,106.708,508.291
0,mlp_control31_dispatch_3,3,1,1,mlp_control31,mlp_control$dispatch_3_rvv_x60_elu_s8_n128,CPU_P,0,315000.0,312017.667,315000.0,315010.583,2982.333,10.583,2992.916
0,dronet9_dispatch_17,17,1,1,dronet9,dronet$dispatch_17_rvv_x60_relu_s8_n2048,CPU_P,1,316000.0,315106.708,316000.0,316001.125,893.292,1.125,894.417
0,mlp_control31_dispatch_4,4,1,1,mlp_control31,mlp_control$dispatch_4_rvv_x60_linear_s8_M1xK128xN64,CPU_P,0,316000.0,315010.583,316000.0,316006.5,989.417,6.5,995.917
0,dronet9_dispatch_18,18,1,1,dronet9,dronet$dispatch_18_rvv_x60_linear_s8_M1xK2048xN1,CPU_P,1,317000.0,316001.125,317000.0,317002.542,998.875,2.542,1001.417
0,dronet9_dispatch_19,19,1,1,dronet9,dronet$dispatch_19_rvv_x60_linear_s8_M1xK2048xN1,CPU_P,2,317000.0,316001.125,317000.0,317001.5,998.875,1.5,1000.375
0,mlp_control31_dispatch_5,5,1,1,mlp_control31,mlp_control$dispatch_5_rvv_x60_elu_s8_n64,CPU_P,0,317000.0,316006.5,317000.0,317004.792,993.5,4.792,998.292
0,dronet9_dispatch_20,20,1,1,dronet9,dronet$dispatch_20_rvv_x60_sigmoid_s8_n1,CPU_P,2,318000.0,317001.5,318000.0,318001.0,998.5,1.0,999.5
0,mlp_control31_dispatch_6,6,1,1,mlp_control31,mlp_control$dispatch_6_rvv_x60_linear_s8_M1xK64xN4,CPU_P,0,318000.0,317004.792,318000.0,318001.208,995.208,1.208,996.416
